Workbook

Sheet DATASET
A1: ALTERNATIF | B1: C1 | C1: C2 | D1: C3 | E1: C4 | F1: C5 | G1: C6 | H1: C7 | I1: C8 | J1: C9 | K1: C10
A2: AMANDA NABABAN | B2: 5 | C2: 5 | D2: 5 | E2: 4 | F2: 5 | G2: 5 | H2: 5 | I2: 4 | J2: 5 | K2: 4
A3: ARNITA NABABAN | B3: 5 | C3: 5 | D3: 4 | E3: 4 | F3: 4 | G3: 4 | H3: 5 | I3: 4 | J3: 5 | K3: 4
A4: MORES NABABAN | B4: 4 | C4: 5 | D4: 4 | E4: 5 | F4: 4 | G4: 4 | H4: 5 | I4: 3 | J4: 5 | K4: 4
A5: SARITUA MARPAUNG | B5: 5 | C5: 5 | D5: 5 | E5: 5 | F5: 5 | G5: 5 | H5: 5 | I5: 4 | J5: 5 | K5: 5
A6: ELSA NABABAN | B6: 4 | C6: 5 | D6: 4 | E6: 4 | F6: 4 | G6: 5 | H6: 5 | I6: 3 | J6: 5 | K6: 5
A7: HADI SAPUTRA | B7: 4 | C7: 4 | D7: 4 | E7: 5 | F7: 3 | G7: 4 | H7: 4 | I7: 2 | J7: 4 | K7: 5
A8: IRFAN AGUS | B8: 4 | C8: 4 | D8: 4 | E8: 5 | F8: 4 | G8: 4 | H8: 4 | I8: 3 | J8: 5 | K8: 5
A9: LESTARI SIBAGARIANG | B9: 4 | C9: 4 | D9: 4 | E9: 4 | F9: 3 | G9: 4 | H9: 4 | I9: 2 | J9: 4 | K9: 4
A10: JOSIA NABABAN | B10: 4 | C10: 4 | D10: 4 | E10: 4 | F10: 5 | G10: 5 | H10: 5 | I10: 4 | J10: 4 | K10: 5
A11: IRMA SIANIPAR | B11: 4 | C11: 5 | D11: 4 | E11: 4 | F11: 3 | G11: 4 | H11: 4 | I11: 3 | J11: 4 | K11: 5
A12: LAMTIUR NABABAN | B12: 4 | C12: 4 | D12: 3 | E12: 3 | F12: 4 | G12: 4 | H12: 4 | I12: 2 | J12: 4 | K12: 4
A13: RAHUL NABABAN | B13: 4 | C13: 3 | D13: 4 | E13: 4 | F13: 3 | G13: 4 | H13: 4 | I13: 2 | J13: 4 | K13: 4
... A21: JELMANRO SILITONGA | B21: 3 | C21: 3 | D21: 2 | E21: 3 | F21: 3 | G21: 3 | H21: 3 | I21: 2 | J21: 3 | K21: 3
F35: C1 | G35: 0.16 | I35: Kriteria | J35: Nama Kriteria
F36: C2 | G36: 0.14 | I36: C1 | J36: Nilai rata-rata raport
F37: C3 | G37: 0.08 | I37: C2 | J37: Ekstrakurikuler
F38: C4 | G38: 0.13 | I38: C3 | J38: Keaktifan
F39: C5 | G39: 0.07 | I39: C4 | J39: Keterampilan
F40: C6 | G40: 0.12 | I40: C5 | J40: Kepribadian
F41: C7 | G41: 0.09 | I41: C6 | J41: Kedisiplinan
F42: C8 | G42: 0.06 | I42: C7 | J42: Sikap
F43: C9 | G43: 0.05 | I43: C8 | J43: Sertifikat prestasi
F44: C10 | G44: 0.1 | I44: C9 | J44: Tanggung jawab
I45: C10 | J45: Absen

Sheet PERBANDINGAN + AGREGASI
A1: HASIL PERBANDINGAN PERANKINGAN MEREC + MARCOS DENGAN FUCOM + VIKOR
A2: RANKING | B2: MEREC + MARCOS | C2: FUCOM + VIKOR
A3: 1 | B3: =MARCOS!H79 -> SARITUA MARPAUNG | C3: =VIKOR!K50 -> SARITUA MARPAUNG | E3: BERDASARKAN PERBANDINGAN DARI KEDUA METODE TERSEBUT SISWA BERPRESTASI ADALAH SARITUA MARPAUNG, DIMANA PADA KEDUA METODE TERSEBUT MENEMPATI RANKING PERTAMA
A4: 2 | B4: =MARCOS!H80 -> AMANDA NABABAN | C4: =VIKOR!K51 -> AMANDA NABABAN
A5: 3 | B5: =MARCOS!H81 -> JOSIA NABABAN | C5: =VIKOR!K52 -> ELSA NABABAN
A6: 4 | B6: =MARCOS!H82 -> ARNITA NABABAN | C6: =VIKOR!K53 -> ARNITA NABABAN
A7: 5 | B7: =MARCOS!H83 -> ELSA NABABAN | C7: =VIKOR!K54 -> MORES NABABAN
A8: 6 | B8: =MARCOS!H84 -> MORES NABABAN | C8: =VIKOR!K55 -> JOSIA NABABAN | E8: PERBANDINGAN RANKING DENGAN MENGGUNAKAN METODE SAW DAN WP BERDASARKAN JURNAL YANG KAMI GUNAKAN
A9: 7 | B9: =MARCOS!H85 -> IRFAN AGUS | C9: =VIKOR!K56 -> IRFAN AGUS
A10: 8 | B10: =MARCOS!H86 -> IRMA SIANIPAR | C10: =VIKOR!K57 -> IRMA SIANIPAR
A11: 9 | B11: =MARCOS!H87 -> HADI SAPUTRA | C11: =VIKOR!K58 -> HADI SAPUTRA
A12: 10 | B12: =MARCOS!H88 -> ELFRIDA SITINJAK | C12: =VIKOR!K59 -> LESTARI SIBAGARIANG
A13: 11 | B13: =MARCOS!H89 -> LESTARI SIBAGARIANG | C13: =VIKOR!K60 -> RAHUL NABABAN
A14: 12 | B14: =MARCOS!H90 -> RAHUL NABABAN | C14: =VIKOR!K61 -> LAMTIUR NABABAN
A15: 13 | B15: =MARCOS!H91 -> LAMTIUR NABABAN | C15: =VIKOR!K62 -> ESTER NABABAN
A16: 14 | B16: =MARCOS!H92 -> HOSIANA NABABAN | C16: =VIKOR!K63 -> ELFRIDA SITINJAK
A17: 15 | B17: =MARCOS!H93 -> ESTER NABABAN | C17: =VIKOR!K64 -> HOSIANA NABABAN
A18: 16 | B18: =MARCOS!H94 -> CREDO NABABAN | C18: =VIKOR!K65 -> MORISCA SIBAGARIANG
A19: 17 | B19: =MARCOS!H95 -> ANWAR NABABAN | C19: =VIKOR!K66 -> ANWAR NABABAN
A20: 18 | B20: =MARCOS!H96 -> MORISCA SIBAGARIANG | C20: =VIKOR!K67 -> CREDO NABABAN
... A22: 20 | B22: =MARCOS!H98 -> SERDI SILITONGA | C22: =VIKOR!K69 -> SERDI SILITONGA
A34: REKAP PERBANDINGAN RANKING SEMUA METODE
A35: ALTERNATIF | B35: MEREC + MARCOS | C35: FUCOM + VIKOR | D35: SAW | E35: WP
A36: AMANDA NABABAN | B36: =MARCOS!G79 -> 2 | C36: =VIKOR!B72 -> 2 | D36: 2 | E36: 2
A37: ARNITA NABABAN | B37: =MARCOS!G80 -> 4 | C37: =VIKOR!B73 -> 4 | D37: 3 | E37: 3
A38: MORES NABABAN | B38: =MARCOS!G81 -> 6 | C38: =VIKOR!B74 -> 5 | D38: 6 | E38: 6
A39: SARITUA MARPAUNG | B39: =MARCOS!G82 -> 1 | C39: =VIKOR!B75 -> 1 | D39: 1 | E39: 1
A40: ELSA NABABAN | B40: =MARCOS!G83 -> 5 | C40: =VIKOR!B76 -> 3 | D40: 4 | E40: 4
A41: HADI SAPUTRA | B41: =MARCOS!G84 -> 9 | C41: =VIKOR!B77 -> 9 | D41: 9 | E41: 9
A42: IRFAN AGUS | B42: =MARCOS!G85 -> 7 | C42: =VIKOR!B78 -> 7 | D42: 7 | E42: 7
A43: LESTARI SIBAGARIANG | B43: =MARCOS!G86 -> 11 | C43: =VIKOR!B79 -> 10 | D43: 10 | E43: 10
A44: JOSIA NABABAN | B44: =MARCOS!G87 -> 3 | C44: =VIKOR!B80 -> 6 | D44: 5 | E44: 5
A45: IRMA SIANIPAR | B45: =MARCOS!G88 -> 8 | C45: =VIKOR!B81 -> 8 | D45: 8 | E45: 8
A46: LAMTIUR NABABAN | B46: =MARCOS!G89 -> 13 | C46: =VIKOR!B82 -> 12 | D46: 12 | E46: 12
A47: RAHUL NABABAN | B47: =MARCOS!G90 -> 12 | C47: =VIKOR!B83 -> 11 | D47: 13 | E47: 13
... A55: JELMANRO SILITONGA | B55: =MARCOS!G98 -> 19 | C55: =VIKOR!B91 -> 19 | D55: 19 | E55: 19
A56: BEST | B56: SARITUA MARPAUNG | C56: SARITUA MARPAUNG | D56: SARITUA MARPAUNG | E56: SARITUA MARPAUNG
A58: HITUNG GABUNGAN RANK DENGAN BORDA
A60: ALTERNATIF | B60: KE 1 | C60: KE 2 | D60: KE 3 | E60: KE 4 | F60: KE 5 | G60: KE 6 | H60: KE 7 | I60: KE 8 | J60: KE 9 | K60: KE 10 | L60: KE 11 | M60: KE 12 | N60: KE 13 | O60: KE 14 | P60: KE 15 | Q60: KE 16 | R60: KE 17 | S60: KE 18 | T60: KE 19 | U60: KE 20 | V60: SKOR BORDA | W60: PERINGKAT AKHIR
A61: AMANDA NABABAN | C61: 4 | V61: =(B61*$B$81)+(C61*$C$81)+(D61*$D$81)+(E61*$E$81)+(F61*$F$81)+(G61*$G$81)+(H61*$H$81)+(I61*$I$81)+(J61*$J$81)+(K61*$K$81)+(L61*$L$81)+(M61*$M$81)+(N61*$N$81)+(O61*$O$81)+(P61*$P$81)+(Q61*$Q$81)+(R61*$R$81)+(S61*$S$81)+(T61*$T$81)+(U61*$U$81) -> 72 | W61: =RANK(V61,$V$61:$V$80,0) -> 2
A62: ARNITA NABABAN | D62: 3 | E62: 1 | V62: =(B62*$B$81)+(C62*$C$81)+(D62*$D$81)+(E62*$E$81)+(F62*$F$81)+(G62*$G$81)+(H62*$H$81)+(I62*$I$81)+(J62*$J$81)+(K62*$K$81)+(L62*$L$81)+(M62*$M$81)+(N62*$N$81)+(O62*$O$81)+(P62*$P$81)+(Q62*$Q$81)+(R62*$R$81)+(S62*$S$81)+(T62*$T$81)+(U62*$U$81) -> 67 | W62: =RANK(V62,$V$61:$V$80,0) -> 3
A63: MORES NABABAN | G63: 4 | V63: =(B63*$B$81)+(C63*$C$81)+(D63*$D$81)+(E63*$E$81)+(F63*$F$81)+(G63*$G$81)+(H63*$H$81)+(I63*$I$81)+(J63*$J$81)+(K63*$K$81)+(L63*$L$81)+(M63*$M$81)+(N63*$N$81)+(O63*$O$81)+(P63*$P$81)+(Q63*$Q$81)+(R63*$R$81)+(S63*$S$81)+(T63*$T$81)+(U63*$U$81) -> 56 | W63: =RANK(V63,$V$61:$V$80,0) -> 6
A64: SARITUA MARPAUNG | B64: 4 | V64: =(B64*$B$81)+(C64*$C$81)+(D64*$D$81)+(E64*$E$81)+(F64*$F$81)+(G64*$G$81)+(H64*$H$81)+(I64*$I$81)+(J64*$J$81)+(K64*$K$81)+(L64*$L$81)+(M64*$M$81)+(N64*$N$81)+(O64*$O$81)+(P64*$P$81)+(Q64*$Q$81)+(R64*$R$81)+(S64*$S$81)+(T64*$T$81)+(U64*$U$81) -> 76 | W64: =RANK(V64,$V$61:$V$80,0) -> 1
A65: ELSA NABABAN | E65: 2 | F65: 2 | V65: =(B65*$B$81)+(C65*$C$81)+(D65*$D$81)+(E65*$E$81)+(F65*$F$81)+(G65*$G$81)+(H65*$H$81)+(I65*$I$81)+(J65*$J$81)+(K65*$K$81)+(L65*$L$81)+(M65*$M$81)+(N65*$N$81)+(O65*$O$81)+(P65*$P$81)+(Q65*$Q$81)+(R65*$R$81)+(S65*$S$81)+(T65*$T$81)+(U65*$U$81) -> 62 | W65: =RANK(V65,$V$61:$V$80,0) -> 5
A66: HADI SAPUTRA | J66: 4 | V66: =(B66*$B$81)+(C66*$C$81)+(D66*$D$81)+(E66*$E$81)+(F66*$F$81)+(G66*$G$81)+(H66*$H$81)+(I66*$I$81)+(J66*$J$81)+(K66*$K$81)+(L66*$L$81)+(M66*$M$81)+(N66*$N$81)+(O66*$O$81)+(P66*$P$81)+(Q66*$Q$81)+(R66*$R$81)+(S66*$S$81)+(T66*$T$81)+(U66*$U$81) -> 44 | W66: =RANK(V66,$V$61:$V$80,0) -> 9
A67: IRFAN AGUS | H67: 4 | V67: =(B67*$B$81)+(C67*$C$81)+(D67*$D$81)+(E67*$E$81)+(F67*$F$81)+(G67*$G$81)+(H67*$H$81)+(I67*$I$81)+(J67*$J$81)+(K67*$K$81)+(L67*$L$81)+(M67*$M$81)+(N67*$N$81)+(O67*$O$81)+(P67*$P$81)+(Q67*$Q$81)+(R67*$R$81)+(S67*$S$81)+(T67*$T$81)+(U67*$U$81) -> 52 | W67: =RANK(V67,$V$61:$V$80,0) -> 7
A68: LESTARI SIBAGARIANG | K68: 3 | L68: 1 | V68: =(B68*$B$81)+(C68*$C$81)+(D68*$D$81)+(E68*$E$81)+(F68*$F$81)+(G68*$G$81)+(H68*$H$81)+(I68*$I$81)+(J68*$J$81)+(K68*$K$81)+(L68*$L$81)+(M68*$M$81)+(N68*$N$81)+(O68*$O$81)+(P68*$P$81)+(Q68*$Q$81)+(R68*$R$81)+(S68*$S$81)+(T68*$T$81)+(U68*$U$81) -> 39 | W68: =RANK(V68,$V$61:$V$80,0) -> 10
A69: JOSIA NABABAN | D69: 1 | E69: 1 | F69: 2 | V69: =(B69*$B$81)+(C69*$C$81)+(D69*$D$81)+(E69*$E$81)+(F69*$F$81)+(G69*$G$81)+(H69*$H$81)+(I69*$I$81)+(J69*$J$81)+(K69*$K$81)+(L69*$L$81)+(M69*$M$81)+(N69*$N$81)+(O69*$O$81)+(P69*$P$81)+(Q69*$Q$81)+(R69*$R$81)+(S69*$S$81)+(T69*$T$81)+(U69*$U$81) -> 63 | W69: =RANK(V69,$V$61:$V$80,0) -> 4
A70: IRMA SIANIPAR | I70: 4 | V70: =(B70*$B$81)+(C70*$C$81)+(D70*$D$81)+(E70*$E$81)+(F70*$F$81)+(G70*$G$81)+(H70*$H$81)+(I70*$I$81)+(J70*$J$81)+(K70*$K$81)+(L70*$L$81)+(M70*$M$81)+(N70*$N$81)+(O70*$O$81)+(P70*$P$81)+(Q70*$Q$81)+(R70*$R$81)+(S70*$S$81)+(T70*$T$81)+(U70*$U$81) -> 48 | W70: =RANK(V70,$V$61:$V$80,0) -> 8
A71: LAMTIUR NABABAN | L71: 1 | M71: 2 | N71: 1 | V71: =(B71*$B$81)+(C71*$C$81)+(D71*$D$81)+(E71*$E$81)+(F71*$F$81)+(G71*$G$81)+(H71*$H$81)+(I71*$I$81)+(J71*$J$81)+(K71*$K$81)+(L71*$L$81)+(M71*$M$81)+(N71*$N$81)+(O71*$O$81)+(P71*$P$81)+(Q71*$Q$81)+(R71*$R$81)+(S71*$S$81)+(T71*$T$81)+(U71*$U$81) -> 32 | W71: =RANK(V71,$V$61:$V$80,0) -> 12
A72: RAHUL NABABAN | M72: 2 | N72: 2 | V72: =(B72*$B$81)+(C72*$C$81)+(D72*$D$81)+(E72*$E$81)+(F72*$F$81)+(G72*$G$81)+(H72*$H$81)+(I72*$I$81)+(J72*$J$81)+(K72*$K$81)+(L72*$L$81)+(M72*$M$81)+(N72*$N$81)+(O72*$O$81)+(P72*$P$81)+(Q72*$Q$81)+(R72*$R$81)+(S72*$S$81)+(T72*$T$81)+(U72*$U$81) -> 30 | W72: =RANK(V72,$V$61:$V$80,0) -> 13
A73: HOSIANA NABABAN | N73: 1 | O73: 3 | V73: =(B73*$B$81)+(C73*$C$81)+(D73*$D$81)+(E73*$E$81)+(F73*$F$81)+(G73*$G$81)+(H73*$H$81)+(I73*$I$81)+(J73*$J$81)+(K73*$K$81)+(L73*$L$81)+(M73*$M$81)+(N73*$N$81)+(O73*$O$81)+(P73*$P$81)+(Q73*$Q$81)+(R73*$R$81)+(S73*$S$81)+(T73*$T$81)+(U73*$U$81) -> 25 | W73: =RANK(V73,$V$61:$V$80,0) -> 14
A74: ESTER NABABAN | O74: 1 | P74: 3 | V74: =(B74*$B$81)+(C74*$C$81)+(D74*$D$81)+(E74*$E$81)+(F74*$F$81)+(G74*$G$81)+(H74*$H$81)+(I74*$I$81)+(J74*$J$81)+(K74*$K$81)+(L74*$L$81)+(M74*$M$81)+(N74*$N$81)+(O74*$O$81)+(P74*$P$81)+(Q74*$Q$81)+(R74*$R$81)+(S74*$S$81)+(T74*$T$81)+(U74*$U$81) -> 21 | W74: =RANK(V74,$V$61:$V$80,0) -> 15
A75: ANWAR NABABAN | Q75: 2 | R75: 2 | V75: =(B75*$B$81)+(C75*$C$81)+(D75*$D$81)+(E75*$E$81)+(F75*$F$81)+(G75*$G$81)+(H75*$H$81)+(I75*$I$81)+(J75*$J$81)+(K75*$K$81)+(L75*$L$81)+(M75*$M$81)+(N75*$N$81)+(O75*$O$81)+(P75*$P$81)+(Q75*$Q$81)+(R75*$R$81)+(S75*$S$81)+(T75*$T$81)+(U75*$U$81) -> 14 | W75: =RANK(V75,$V$61:$V$80,0) -> 16
A76: MORISCA SIBAGARIANG | S76: 4 | V76: =(B76*$B$81)+(C76*$C$81)+(D76*$D$81)+(E76*$E$81)+(F76*$F$81)+(G76*$G$81)+(H76*$H$81)+(I76*$I$81)+(J76*$J$81)+(K76*$K$81)+(L76*$L$81)+(M76*$M$81)+(N76*$N$81)+(O76*$O$81)+(P76*$P$81)+(Q76*$Q$81)+(R76*$R$81)+(S76*$S$81)+(T76*$T$81)+(U76*$U$81) -> 8 | W76: =RANK(V76,$V$61:$V$80,0) -> 18
A77: ELFRIDA SITINJAK | K77: 1 | L77: 2 | P77: 1 | V77: =(B77*$B$81)+(C77*$C$81)+(D77*$D$81)+(E77*$E$81)+(F77*$F$81)+(G77*$G$81)+(H77*$H$81)+(I77*$I$81)+(J77*$J$81)+(K77*$K$81)+(L77*$L$81)+(M77*$M$81)+(N77*$N$81)+(O77*$O$81)+(P77*$P$81)+(Q77*$Q$81)+(R77*$R$81)+(S77*$S$81)+(T77*$T$81)+(U77*$U$81) -> 33 | W77: =RANK(V77,$V$61:$V$80,0) -> 11
A78: CREDO NABABAN | Q78: 2 | R78: 2 | V78: =(B78*$B$81)+(C78*$C$81)+(D78*$D$81)+(E78*$E$81)+(F78*$F$81)+(G78*$G$81)+(H78*$H$81)+(I78*$I$81)+(J78*$J$81)+(K78*$K$81)+(L78*$L$81)+(M78*$M$81)+(N78*$N$81)+(O78*$O$81)+(P78*$P$81)+(Q78*$Q$81)+(R78*$R$81)+(S78*$S$81)+(T78*$T$81)+(U78*$U$81) -> 14 | W78: =RANK(V78,$V$61:$V$80,0) -> 16
A79: SERDI SILITONGA | T79: 1 | U79: 3 | V79: =(B79*$B$81)+(C79*$C$81)+(D79*$D$81)+(E79*$E$81)+(F79*$F$81)+(G79*$G$81)+(H79*$H$81)+(I79*$I$81)+(J79*$J$81)+(K79*$K$81)+(L79*$L$81)+(M79*$M$81)+(N79*$N$81)+(O79*$O$81)+(P79*$P$81)+(Q79*$Q$81)+(R79*$R$81)+(S79*$S$81)+(T79*$T$81)+(U79*$U$81) -> 1 | W79: =RANK(V79,$V$61:$V$80,0) -> 20
A80: JELMANRO SILITONGA | T80: 3 | U80: 1 | V80: =(B80*$B$81)+(C80*$C$81)+(D80*$D$81)+(E80*$E$81)+(F80*$F$81)+(G80*$G$81)+(H80*$H$81)+(I80*$I$81)+(J80*$J$81)+(K80*$K$81)+(L80*$L$81)+(M80*$M$81)+(N80*$N$81)+(O80*$O$81)+(P80*$P$81)+(Q80*$Q$81)+(R80*$R$81)+(S80*$S$81)+(T80*$T$81)+(U80*$U$81) -> 3 | W80: =RANK(V80,$V$61:$V$80,0) -> 19
A81: BOBOT | B81: 19 | C81: 18 | D81: 17 | E81: 16 | F81: 15 | G81: 14 | H81: 13 | I81: 12 | J81: 11 | K81: 10 | L81: 9 | M81: 8 | N81: 7 | O81: 6 | P81: 5 | Q81: 4 | R81: 3 | S81: 2 | T81: 1 | U81: 0

Sheet MEREC
A1: ALTERNATIF | B1: C1 | C1: C2 | D1: C3 | E1: C4 | F1: C5 | G1: C6 | H1: C7 | I1: C8 | J1: C9 | K1: C10
A2: AMANDA NABABAN | B2: 5 | C2: 5 | D2: 5 | E2: 4 | F2: 5 | G2: 5 | H2: 5 | I2: 4 | J2: 5 | K2: 4
A3: ARNITA NABABAN | B3: 5 | C3: 5 | D3: 4 | E3: 4 | F3: 4 | G3: 4 | H3: 5 | I3: 4 | J3: 5 | K3: 4
A4: MORES NABABAN | B4: 4 | C4: 5 | D4: 4 | E4: 5 | F4: 4 | G4: 4 | H4: 5 | I4: 3 | J4: 5 | K4: 4
A5: SARITUA MARPAUNG | B5: 5 | C5: 5 | D5: 5 | E5: 5 | F5: 5 | G5: 5 | H5: 5 | I5: 4 | J5: 5 | K5: 5
A6: ELSA NABABAN | B6: 4 | C6: 5 | D6: 4 | E6: 4 | F6: 4 | G6: 5 | H6: 5 | I6: 3 | J6: 5 | K6: 5
A7: HADI SAPUTRA | B7: 4 | C7: 4 | D7: 4 | E7: 5 | F7: 3 | G7: 4 | H7: 4 | I7: 2 | J7: 4 | K7: 5
A8: IRFAN AGUS | B8: 4 | C8: 4 | D8: 4 | E8: 5 | F8: 4 | G8: 4 | H8: 4 | I8: 3 | J8: 5 | K8: 5
A9: LESTARI SIBAGARIANG | B9: 4 | C9: 4 | D9: 4 | E9: 4 | F9: 3 | G9: 4 | H9: 4 | I9: 2 | J9: 4 | K9: 4
A10: JOSIA NABABAN | B10: 4 | C10: 4 | D10: 4 | E10: 4 | F10: 5 | G10: 5 | H10: 5 | I10: 4 | J10: 4 | K10: 5
A11: IRMA SIANIPAR | B11: 4 | C11: 5 | D11: 4 | E11: 4 | F11: 3 | G11: 4 | H11: 4 | I11: 3 | J11: 4 | K11: 5
A12: LAMTIUR NABABAN | B12: 4 | C12: 4 | D12: 3 | E12: 3 | F12: 4 | G12: 4 | H12: 4 | I12: 2 | J12: 4 | K12: 4
A13: RAHUL NABABAN | B13: 4 | C13: 3 | D13: 4 | E13: 4 | F13: 3 | G13: 4 | H13: 4 | I13: 2 | J13: 4 | K13: 4
... A22: AI | B22: 5 | C22: 5 | D22: 5 | E22: 5 | F22: 5 | G22: 5 | H22: 5 | I22: 4 | J22: 5 | K22: 5
A24: NORMALISASI | L24: PERHITUNGAN NILAI AWAL Si
A25: ALTERNATIF | B25: C1 | C25: C2 | D25: C3 | E25: C4 | F25: C5 | G25: C6 | H25: C7 | I25: C8 | J25: C9 | K25: C10 | L25: Si
A26: AMANDA NABABAN | B26: =B2/$B$22 -> 1 | C26: =C2/$C$22 -> 1 | D26: =D2/$D$22 -> 1 | E26: =E2/$E$22 -> 0.8 | F26: =F2/$F$22 -> 1 | G26: =G2/$G$22 -> 1 | H26: =H2/$H$22 -> 1 | I26: =I2/$I$22 -> 1 | J26: =J2/$J$22 -> 1 | K26: =K2/$K$22 -> 0.8 | L26: =LN(1 + (1/20 * (ABS(LN(B26)) + (ABS(LN(C26)) + (ABS(LN(D26)) + (ABS(LN(E26))+ (ABS(LN(F26)) + (ABS(LN(G26))+(ABS(LN(H26)) + (ABS(LN(I26)) + (ABS(LN(J26)) + (ABS(LN(K26)) )))))))))))) -> 0.022069033
A27: ARNITA NABABAN | B27: =B3/$B$22 -> 1 | C27: =C3/$C$22 -> 1 | D27: =D3/$D$22 -> 0.8 | E27: =E3/$E$22 -> 0.8 | F27: =F3/$F$22 -> 0.8 | G27: =G3/$G$22 -> 0.8 | H27: =H3/$H$22 -> 1 | I27: =I3/$I$22 -> 1 | J27: =J3/$J$22 -> 1 | K27: =K3/$K$22 -> 0.8 | L27: =LN(1 + (1/20 * (ABS(LN(B27)) + (ABS(LN(C27)) + (ABS(LN(D27)) + (ABS(LN(E27))+ (ABS(LN(F27)) + (ABS(LN(G27))+(ABS(LN(H27)) + (ABS(LN(I27)) + (ABS(LN(J27)) + (ABS(LN(K27)) )))))))))))) -> 0.054285407
A28: MORES NABABAN | B28: =B4/$B$22 -> 0.8 | C28: =C4/$C$22 -> 1 | D28: =D4/$D$22 -> 0.8 | E28: =E4/$E$22 -> 1 | F28: =F4/$F$22 -> 0.8 | G28: =G4/$G$22 -> 0.8 | H28: =H4/$H$22 -> 1 | I28: =I4/$I$22 -> 0.75 | J28: =J4/$J$22 -> 1 | K28: =K4/$K$22 -> 0.8 | L28: =LN(1 + (1/20 * (ABS(LN(B28)) + (ABS(LN(C28)) + (ABS(LN(D28)) + (ABS(LN(E28))+ (ABS(LN(F28)) + (ABS(LN(G28))+(ABS(LN(H28)) + (ABS(LN(I28)) + (ABS(LN(J28)) + (ABS(LN(K28)) )))))))))))) -> 0.067817506
A29: SARITUA MARPAUNG | B29: =B5/$B$22 -> 1 | C29: =C5/$C$22 -> 1 | D29: =D5/$D$22 -> 1 | E29: =E5/$E$22 -> 1 | F29: =F5/$F$22 -> 1 | G29: =G5/$G$22 -> 1 | H29: =H5/$H$22 -> 1 | I29: =I5/$I$22 -> 1 | J29: =J5/$J$22 -> 1 | K29: =K5/$K$22 -> 1 | L29: =LN(1 + (1/20 * (ABS(LN(B29)) + (ABS(LN(C29)) + (ABS(LN(D29)) + (ABS(LN(E29))+ (ABS(LN(F29)) + (ABS(LN(G29))+(ABS(LN(H29)) + (ABS(LN(I29)) + (ABS(LN(J29)) + (ABS(LN(K29)) )))))))))))) -> 0
A30: ELSA NABABAN | B30: =B6/$B$22 -> 0.8 | C30: =C6/$C$22 -> 1 | D30: =D6/$D$22 -> 0.8 | E30: =E6/$E$22 -> 0.8 | F30: =F6/$F$22 -> 0.8 | G30: =G6/$G$22 -> 1 | H30: =H6/$H$22 -> 1 | I30: =I6/$I$22 -> 0.75 | J30: =J6/$J$22 -> 1 | K30: =K6/$K$22 -> 1 | L30: =LN(1 + (1/20 * (ABS(LN(B30)) + (ABS(LN(C30)) + (ABS(LN(D30)) + (ABS(LN(E30))+ (ABS(LN(F30)) + (ABS(LN(G30))+(ABS(LN(H30)) + (ABS(LN(I30)) + (ABS(LN(J30)) + (ABS(LN(K30)) )))))))))))) -> 0.057337167
A31: HADI SAPUTRA | B31: =B7/$B$22 -> 0.8 | C31: =C7/$C$22 -> 0.8 | D31: =D7/$D$22 -> 0.8 | E31: =E7/$E$22 -> 1 | F31: =F7/$F$22 -> 0.6 | G31: =G7/$G$22 -> 0.8 | H31: =H7/$H$22 -> 0.8 | I31: =I7/$I$22 -> 0.5 | J31: =J7/$J$22 -> 0.8 | K31: =K7/$K$22 -> 1 | L31: =LN(1 + (1/20 * (ABS(LN(B31)) + (ABS(LN(C31)) + (ABS(LN(D31)) + (ABS(LN(E31))+ (ABS(LN(F31)) + (ABS(LN(G31))+(ABS(LN(H31)) + (ABS(LN(I31)) + (ABS(LN(J31)) + (ABS(LN(K31)) )))))))))))) -> 0.11968496
A32: IRFAN AGUS | B32: =B8/$B$22 -> 0.8 | C32: =C8/$C$22 -> 0.8 | D32: =D8/$D$22 -> 0.8 | E32: =E8/$E$22 -> 1 | F32: =F8/$F$22 -> 0.8 | G32: =G8/$G$22 -> 0.8 | H32: =H8/$H$22 -> 0.8 | I32: =I8/$I$22 -> 0.75 | J32: =J8/$J$22 -> 1 | K32: =K8/$K$22 -> 1 | L32: =LN(1 + (1/20 * (ABS(LN(B32)) + (ABS(LN(C32)) + (ABS(LN(D32)) + (ABS(LN(E32))+ (ABS(LN(F32)) + (ABS(LN(G32))+(ABS(LN(H32)) + (ABS(LN(I32)) + (ABS(LN(J32)) + (ABS(LN(K32)) )))))))))))) -> 0.078189147
A33: LESTARI SIBAGARIANG | B33: =B9/$B$22 -> 0.8 | C33: =C9/$C$22 -> 0.8 | D33: =D9/$D$22 -> 0.8 | E33: =E9/$E$22 -> 0.8 | F33: =F9/$F$22 -> 0.6 | G33: =G9/$G$22 -> 0.8 | H33: =H9/$H$22 -> 0.8 | I33: =I9/$I$22 -> 0.5 | J33: =J9/$J$22 -> 0.8 | K33: =K9/$K$22 -> 0.8 | L33: =LN(1 + (1/20 * (ABS(LN(B33)) + (ABS(LN(C33)) + (ABS(LN(D33)) + (ABS(LN(E33))+ (ABS(LN(F33)) + (ABS(LN(G33))+(ABS(LN(H33)) + (ABS(LN(I33)) + (ABS(LN(J33)) + (ABS(LN(K33)) )))))))))))) -> 0.13928884
A34: JOSIA NABABAN | B34: =B10/$B$22 -> 0.8 | C34: =C10/$C$22 -> 0.8 | D34: =D10/$D$22 -> 0.8 | E34: =E10/$E$22 -> 0.8 | F34: =F10/$F$22 -> 1 | G34: =G10/$G$22 -> 1 | H34: =H10/$H$22 -> 1 | I34: =I10/$I$22 -> 1 | J34: =J10/$J$22 -> 0.8 | K34: =K10/$K$22 -> 1 | L34: =LN(1 + (1/20 * (ABS(LN(B34)) + (ABS(LN(C34)) + (ABS(LN(D34)) + (ABS(LN(E34))+ (ABS(LN(F34)) + (ABS(LN(G34))+(ABS(LN(H34)) + (ABS(LN(I34)) + (ABS(LN(J34)) + (ABS(LN(K34)) )))))))))))) -> 0.054285407
A35: IRMA SIANIPAR | B35: =B11/$B$22 -> 0.8 | C35: =C11/$C$22 -> 1 | D35: =D11/$D$22 -> 0.8 | E35: =E11/$E$22 -> 0.8 | F35: =F11/$F$22 -> 0.6 | G35: =G11/$G$22 -> 0.8 | H35: =H11/$H$22 -> 0.8 | I35: =I11/$I$22 -> 0.75 | J35: =J11/$J$22 -> 0.8 | K35: =K11/$K$22 -> 1 | L35: =LN(1 + (1/20 * (ABS(LN(B35)) + (ABS(LN(C35)) + (ABS(LN(D35)) + (ABS(LN(E35))+ (ABS(LN(F35)) + (ABS(LN(G35))+(ABS(LN(H35)) + (ABS(LN(I35)) + (ABS(LN(J35)) + (ABS(LN(K35)) )))))))))))) -> 0.10153481
A36: LAMTIUR NABABAN | B36: =B12/$B$22 -> 0.8 | C36: =C12/$C$22 -> 0.8 | D36: =D12/$D$22 -> 0.6 | E36: =E12/$E$22 -> 0.6 | F36: =F12/$F$22 -> 0.8 | G36: =G12/$G$22 -> 0.8 | H36: =H12/$H$22 -> 0.8 | I36: =I12/$I$22 -> 0.5 | J36: =J12/$J$22 -> 0.8 | K36: =K12/$K$22 -> 0.8 | L36: =LN(1 + (1/20 * (ABS(LN(B36)) + (ABS(LN(C36)) + (ABS(LN(D36)) + (ABS(LN(E36))+ (ABS(LN(F36)) + (ABS(LN(G36))+(ABS(LN(H36)) + (ABS(LN(I36)) + (ABS(LN(J36)) + (ABS(LN(K36)) )))))))))))) -> 0.15172502
A37: RAHUL NABABAN | B37: =B13/$B$22 -> 0.8 | C37: =C13/$C$22 -> 0.6 | D37: =D13/$D$22 -> 0.8 | E37: =E13/$E$22 -> 0.8 | F37: =F13/$F$22 -> 0.6 | G37: =G13/$G$22 -> 0.8 | H37: =H13/$H$22 -> 0.8 | I37: =I13/$I$22 -> 0.5 | J37: =J13/$J$22 -> 0.8 | K37: =K13/$K$22 -> 0.8 | L37: =LN(1 + (1/20 * (ABS(LN(B37)) + (ABS(LN(C37)) + (ABS(LN(D37)) + (ABS(LN(E37))+ (ABS(LN(F37)) + (ABS(LN(G37))+(ABS(LN(H37)) + (ABS(LN(I37)) + (ABS(LN(J37)) + (ABS(LN(K37)) )))))))))))) -> 0.15172502
... A45: JELMANRO SILITONGA | B45: =B21/$B$22 -> 0.6 | C45: =C21/$C$22 -> 0.6 | D45: =D21/$D$22 -> 0.4 | E45: =E21/$E$22 -> 0.6 | F45: =F21/$F$22 -> 0.6 | G45: =G21/$G$22 -> 0.6 | H45: =H21/$H$22 -> 0.6 | I45: =I21/$I$22 -> 0.5 | J45: =J21/$J$22 -> 0.6 | K45: =K21/$K$22 -> 0.6 | L45: =LN(1 + (1/20 * (ABS(LN(B45)) + (ABS(LN(C45)) + (ABS(LN(D45)) + (ABS(LN(E45))+ (ABS(LN(F45)) + (ABS(LN(G45))+(ABS(LN(H45)) + (ABS(LN(I45)) + (ABS(LN(J45)) + (ABS(LN(K45)) )))))))))))) -> 0.25060473
A47: PERHITUNGAN PERFORMA ALTERNATIF
A48: ALTERNATIF | B48: C1 | C48: C2 | D48: C3 | E48: C4 | F48: C5 | G48: C6 | H48: C7 | I48: C8 | J48: C9 | K48: C10
A49: AMANDA NABABAN | B49: =LN(1 + (1/20 * (ABS(LN(C26)) + (ABS(LN(D26)) + (ABS(LN(E26))+ (ABS(LN(F26)) + (ABS(LN(G26))+(ABS(LN(H26)) + (ABS(LN(I26)) + (ABS(LN(J26)) + (ABS(LN(K26)) ))))))))))) -> 0.022069033 | C49: =LN(1 + (1/20 * (ABS(LN(B26)) + (ABS(LN(D26)) + (ABS(LN(E26))+ (ABS(LN(F26)) + (ABS(LN(G26))+(ABS(LN(H26)) + (ABS(LN(I26)) + (ABS(LN(J26)) + (ABS(LN(K26)) ))))))))))) -> 0.022069033 | D49: =LN(1 + (1/20 * (ABS(LN(B26)) + (ABS(LN(C26)) + (ABS(LN(E26))+ (ABS(LN(F26)) + (ABS(LN(G26))+(ABS(LN(H26)) + (ABS(LN(I26)) + (ABS(LN(J26)) + (ABS(LN(K26)) ))))))))))) -> 0.022069033 | E49: =LN(1 + (1/20 * (ABS(LN(B26)) + (ABS(LN(C26)) + (ABS(LN(D26)) + (ABS(LN(F26)) + (ABS(LN(G26))+(ABS(LN(H26)) + (ABS(LN(I26)) + (ABS(LN(J26)) + (ABS(LN(K26)) ))))))))))) -> 0.011095395 | F49: =LN(1 + (1/20 * (ABS(LN(B26)) + (ABS(LN(C26)) + (ABS(LN(D26)) + (ABS(LN(E26))+ (ABS(LN(G26))+(ABS(LN(H26)) + (ABS(LN(I26)) + (ABS(LN(J26)) + (ABS(LN(K26)) ))))))))))) -> 0.022069033 | G49: =LN(1 + (1/20 * (ABS(LN(B26)) + (ABS(LN(C26)) + (ABS(LN(D26)) + (ABS(LN(E26))+ (ABS(LN(F26)) + (ABS(LN(H26)) + (ABS(LN(I26)) + (ABS(LN(J26)) + (ABS(LN(K26)) ))))))))))) -> 0.022069033 | H49: =LN(1 + (1/20 * (ABS(LN(B26)) + (ABS(LN(C26)) + (ABS(LN(D26)) + (ABS(LN(E26))+ (ABS(LN(F26)) + (ABS(LN(G26))+(ABS(LN(I26)) + (ABS(LN(J26)) + (ABS(LN(K26)) ))))))))))) -> 0.022069033 | I49: =LN(1 + (1/20 * (ABS(LN(B26)) + (ABS(LN(C26)) + (ABS(LN(D26)) + (ABS(LN(E26))+ (ABS(LN(F26)) + (ABS(LN(G26))+(ABS(LN(H26)) + (ABS(LN(J26)) + (ABS(LN(K26)) ))))))))))) -> 0.022069033 | J49: =LN(1 + (1/20 * (ABS(LN(B26)) + (ABS(LN(C26)) + (ABS(LN(D26)) + (ABS(LN(E26))+ (ABS(LN(F26)) + (ABS(LN(G26))+(ABS(LN(H26)) + (ABS(LN(I26)) + (ABS(LN(K26)) ))))))))))) -> 0.022069033 | K49: =LN(1 + (1/20 * (ABS(LN(B26)) + (ABS(LN(C26)) + (ABS(LN(D26)) + (ABS(LN(E26))+ (ABS(LN(F26)) + (ABS(LN(G26))+(ABS(LN(H26)) + (ABS(LN(I26)) + (ABS(LN(J26)) ))))))))))) -> 0.011095395
A50: ARNITA NABABAN | B50: =LN(1 + (1/20 * (ABS(LN(C27)) + (ABS(LN(D27)) + (ABS(LN(E27))+ (ABS(LN(F27)) + (ABS(LN(G27))+(ABS(LN(H27)) + (ABS(LN(I27)) + (ABS(LN(J27)) + (ABS(LN(K27)) ))))))))))) -> 0.054285407 | C50: =LN(1 + (1/20 * (ABS(LN(B27)) + (ABS(LN(D27)) + (ABS(LN(E27))+ (ABS(LN(F27)) + (ABS(LN(G27))+(ABS(LN(H27)) + (ABS(LN(I27)) + (ABS(LN(J27)) + (ABS(LN(K27)) ))))))))))) -> 0.054285407 | D50: =LN(1 + (1/20 * (ABS(LN(B27)) + (ABS(LN(C27)) + (ABS(LN(E27))+ (ABS(LN(F27)) + (ABS(LN(G27))+(ABS(LN(H27)) + (ABS(LN(I27)) + (ABS(LN(J27)) + (ABS(LN(K27)) ))))))))))) -> 0.043661521 | E50: =LN(1 + (1/20 * (ABS(LN(B27)) + (ABS(LN(C27)) + (ABS(LN(D27)) + (ABS(LN(F27)) + (ABS(LN(G27))+(ABS(LN(H27)) + (ABS(LN(I27)) + (ABS(LN(J27)) + (ABS(LN(K27)) ))))))))))) -> 0.043661521 | F50: =LN(1 + (1/20 * (ABS(LN(B27)) + (ABS(LN(C27)) + (ABS(LN(D27)) + (ABS(LN(E27))+ (ABS(LN(G27))+(ABS(LN(H27)) + (ABS(LN(I27)) + (ABS(LN(J27)) + (ABS(LN(K27)) ))))))))))) -> 0.043661521 | G50: =LN(1 + (1/20 * (ABS(LN(B27)) + (ABS(LN(C27)) + (ABS(LN(D27)) + (ABS(LN(E27))+ (ABS(LN(F27)) + (ABS(LN(H27)) + (ABS(LN(I27)) + (ABS(LN(J27)) + (ABS(LN(K27)) ))))))))))) -> 0.043661521 | H50: =LN(1 + (1/20 * (ABS(LN(B27)) + (ABS(LN(C27)) + (ABS(LN(D27)) + (ABS(LN(E27))+ (ABS(LN(F27)) + (ABS(LN(G27))+(ABS(LN(I27)) + (ABS(LN(J27)) + (ABS(LN(K27)) ))))))))))) -> 0.054285407 | I50: =LN(1 + (1/20 * (ABS(LN(B27)) + (ABS(LN(C27)) + (ABS(LN(D27)) + (ABS(LN(E27))+ (ABS(LN(F27)) + (ABS(LN(G27))+(ABS(LN(H27)) + (ABS(LN(J27)) + (ABS(LN(K27)) ))))))))))) -> 0.054285407 | J50: =LN(1 + (1/20 * (ABS(LN(B27)) + (ABS(LN(C27)) + (ABS(LN(D27)) + (ABS(LN(E27))+ (ABS(LN(F27)) + (ABS(LN(G27))+(ABS(LN(H27)) + (ABS(LN(I27)) + (ABS(LN(K27)) ))))))))))) -> 0.054285407 | K50: =LN(1 + (1/20 * (ABS(LN(B27)) + (ABS(LN(C27)) + (ABS(LN(D27)) + (ABS(LN(E27))+ (ABS(LN(F27)) + (ABS(LN(G27))+(ABS(LN(H27)) + (ABS(LN(I27)) + (ABS(LN(J27)) ))))))))))) -> 0.043661521
A51: MORES NABABAN | B51: =LN(1 + (1/20 * (ABS(LN(C28)) + (ABS(LN(D28)) + (ABS(LN(E28))+ (ABS(LN(F28)) + (ABS(LN(G28))+(ABS(LN(H28)) + (ABS(LN(I28)) + (ABS(LN(J28)) + (ABS(LN(K28)) ))))))))))) -> 0.057337167 | C51: =LN(1 + (1/20 * (ABS(LN(B28)) + (ABS(LN(D28)) + (ABS(LN(E28))+ (ABS(LN(F28)) + (ABS(LN(G28))+(ABS(LN(H28)) + (ABS(LN(I28)) + (ABS(LN(J28)) + (ABS(LN(K28)) ))))))))))) -> 0.067817506 | D51: =LN(1 + (1/20 * (ABS(LN(B28)) + (ABS(LN(C28)) + (ABS(LN(E28))+ (ABS(LN(F28)) + (ABS(LN(G28))+(ABS(LN(H28)) + (ABS(LN(I28)) + (ABS(LN(J28)) + (ABS(LN(K28)) ))))))))))) -> 0.057337167 | E51: =LN(1 + (1/20 * (ABS(LN(B28)) + (ABS(LN(C28)) + (ABS(LN(D28)) + (ABS(LN(F28)) + (ABS(LN(G28))+(ABS(LN(H28)) + (ABS(LN(I28)) + (ABS(LN(J28)) + (ABS(LN(K28)) ))))))))))) -> 0.067817506 | F51: =LN(1 + (1/20 * (ABS(LN(B28)) + (ABS(LN(C28)) + (ABS(LN(D28)) + (ABS(LN(E28))+ (ABS(LN(G28))+(ABS(LN(H28)) + (ABS(LN(I28)) + (ABS(LN(J28)) + (ABS(LN(K28)) ))))))))))) -> 0.057337167 | G51: =LN(1 + (1/20 * (ABS(LN(B28)) + (ABS(LN(C28)) + (ABS(LN(D28)) + (ABS(LN(E28))+ (ABS(LN(F28)) + (ABS(LN(H28)) + (ABS(LN(I28)) + (ABS(LN(J28)) + (ABS(LN(K28)) ))))))))))) -> 0.057337167 | H51: =LN(1 + (1/20 * (ABS(LN(B28)) + (ABS(LN(C28)) + (ABS(LN(D28)) + (ABS(LN(E28))+ (ABS(LN(F28)) + (ABS(LN(G28))+(ABS(LN(I28)) + (ABS(LN(J28)) + (ABS(LN(K28)) ))))))))))) -> 0.067817506 | I51: =LN(1 + (1/20 * (ABS(LN(B28)) + (ABS(LN(C28)) + (ABS(LN(D28)) + (ABS(LN(E28))+ (ABS(LN(F28)) + (ABS(LN(G28))+(ABS(LN(H28)) + (ABS(LN(J28)) + (ABS(LN(K28)) ))))))))))) -> 0.054285407 | J51: =LN(1 + (1/20 * (ABS(LN(B28)) + (ABS(LN(C28)) + (ABS(LN(D28)) + (ABS(LN(E28))+ (ABS(LN(F28)) + (ABS(LN(G28))+(ABS(LN(H28)) + (ABS(LN(I28)) + (ABS(LN(K28)) ))))))))))) -> 0.067817506 | K51: =LN(1 + (1/20 * (ABS(LN(B28)) + (ABS(LN(C28)) + (ABS(LN(D28)) + (ABS(LN(E28))+ (ABS(LN(F28)) + (ABS(LN(G28))+(ABS(LN(H28)) + (ABS(LN(I28)) + (ABS(LN(J28)) ))))))))))) -> 0.057337167
A52: SARITUA MARPAUNG | B52: =LN(1 + (1/20 * (ABS(LN(C29)) + (ABS(LN(D29)) + (ABS(LN(E29))+ (ABS(LN(F29)) + (ABS(LN(G29))+(ABS(LN(H29)) + (ABS(LN(I29)) + (ABS(LN(J29)) + (ABS(LN(K29)) ))))))))))) -> 0 | C52: =LN(1 + (1/20 * (ABS(LN(B29)) + (ABS(LN(D29)) + (ABS(LN(E29))+ (ABS(LN(F29)) + (ABS(LN(G29))+(ABS(LN(H29)) + (ABS(LN(I29)) + (ABS(LN(J29)) + (ABS(LN(K29)) ))))))))))) -> 0 | D52: =LN(1 + (1/20 * (ABS(LN(B29)) + (ABS(LN(C29)) + (ABS(LN(E29))+ (ABS(LN(F29)) + (ABS(LN(G29))+(ABS(LN(H29)) + (ABS(LN(I29)) + (ABS(LN(J29)) + (ABS(LN(K29)) ))))))))))) -> 0 | E52: =LN(1 + (1/20 * (ABS(LN(B29)) + (ABS(LN(C29)) + (ABS(LN(D29)) + (ABS(LN(F29)) + (ABS(LN(G29))+(ABS(LN(H29)) + (ABS(LN(I29)) + (ABS(LN(J29)) + (ABS(LN(K29)) ))))))))))) -> 0 | F52: =LN(1 + (1/20 * (ABS(LN(B29)) + (ABS(LN(C29)) + (ABS(LN(D29)) + (ABS(LN(E29))+ (ABS(LN(G29))+(ABS(LN(H29)) + (ABS(LN(I29)) + (ABS(LN(J29)) + (ABS(LN(K29)) ))))))))))) -> 0 | G52: =LN(1 + (1/20 * (ABS(LN(B29)) + (ABS(LN(C29)) + (ABS(LN(D29)) + (ABS(LN(E29))+ (ABS(LN(F29)) + (ABS(LN(H29)) + (ABS(LN(I29)) + (ABS(LN(J29)) + (ABS(LN(K29)) ))))))))))) -> 0 | H52: =LN(1 + (1/20 * (ABS(LN(B29)) + (ABS(LN(C29)) + (ABS(LN(D29)) + (ABS(LN(E29))+ (ABS(LN(F29)) + (ABS(LN(G29))+(ABS(LN(I29)) + (ABS(LN(J29)) + (ABS(LN(K29)) ))))))))))) -> 0 | I52: =LN(1 + (1/20 * (ABS(LN(B29)) + (ABS(LN(C29)) + (ABS(LN(D29)) + (ABS(LN(E29))+ (ABS(LN(F29)) + (ABS(LN(G29))+(ABS(LN(H29)) + (ABS(LN(J29)) + (ABS(LN(K29)) ))))))))))) -> 0 | J52: =LN(1 + (1/20 * (ABS(LN(B29)) + (ABS(LN(C29)) + (ABS(LN(D29)) + (ABS(LN(E29))+ (ABS(LN(F29)) + (ABS(LN(G29))+(ABS(LN(H29)) + (ABS(LN(I29)) + (ABS(LN(K29)) ))))))))))) -> 0 | K52: =LN(1 + (1/20 * (ABS(LN(B29)) + (ABS(LN(C29)) + (ABS(LN(D29)) + (ABS(LN(E29))+ (ABS(LN(F29)) + (ABS(LN(G29))+(ABS(LN(H29)) + (ABS(LN(I29)) + (ABS(LN(J29)) ))))))))))) -> 0
A53: ELSA NABABAN | B53: =LN(1 + (1/20 * (ABS(LN(C30)) + (ABS(LN(D30)) + (ABS(LN(E30))+ (ABS(LN(F30)) + (ABS(LN(G30))+(ABS(LN(H30)) + (ABS(LN(I30)) + (ABS(LN(J30)) + (ABS(LN(K30)) ))))))))))) -> 0.046745825 | C53: =LN(1 + (1/20 * (ABS(LN(B30)) + (ABS(LN(D30)) + (ABS(LN(E30))+ (ABS(LN(F30)) + (ABS(LN(G30))+(ABS(LN(H30)) + (ABS(LN(I30)) + (ABS(LN(J30)) + (ABS(LN(K30)) ))))))))))) -> 0.057337167 | D53: =LN(1 + (1/20 * (ABS(LN(B30)) + (ABS(LN(C30)) + (ABS(LN(E30))+ (ABS(LN(F30)) + (ABS(LN(G30))+(ABS(LN(H30)) + (ABS(LN(I30)) + (ABS(LN(J30)) + (ABS(LN(K30)) ))))))))))) -> 0.046745825 | E53: =LN(1 + (1/20 * (ABS(LN(B30)) + (ABS(LN(C30)) + (ABS(LN(D30)) + (ABS(LN(F30)) + (ABS(LN(G30))+(ABS(LN(H30)) + (ABS(LN(I30)) + (ABS(LN(J30)) + (ABS(LN(K30)) ))))))))))) -> 0.046745825 | F53: =LN(1 + (1/20 * (ABS(LN(B30)) + (ABS(LN(C30)) + (ABS(LN(D30)) + (ABS(LN(E30))+ (ABS(LN(G30))+(ABS(LN(H30)) + (ABS(LN(I30)) + (ABS(LN(J30)) + (ABS(LN(K30)) ))))))))))) -> 0.046745825 | G53: =LN(1 + (1/20 * (ABS(LN(B30)) + (ABS(LN(C30)) + (ABS(LN(D30)) + (ABS(LN(E30))+ (ABS(LN(F30)) + (ABS(LN(H30)) + (ABS(LN(I30)) + (ABS(LN(J30)) + (ABS(LN(K30)) ))))))))))) -> 0.057337167 | H53: =LN(1 + (1/20 * (ABS(LN(B30)) + (ABS(LN(C30)) + (ABS(LN(D30)) + (ABS(LN(E30))+ (ABS(LN(F30)) + (ABS(LN(G30))+(ABS(LN(I30)) + (ABS(LN(J30)) + (ABS(LN(K30)) ))))))))))) -> 0.057337167 | I53: =LN(1 + (1/20 * (ABS(LN(B30)) + (ABS(LN(C30)) + (ABS(LN(D30)) + (ABS(LN(E30))+ (ABS(LN(F30)) + (ABS(LN(G30))+(ABS(LN(H30)) + (ABS(LN(J30)) + (ABS(LN(K30)) ))))))))))) -> 0.043661521 | J53: =LN(1 + (1/20 * (ABS(LN(B30)) + (ABS(LN(C30)) + (ABS(LN(D30)) + (ABS(LN(E30))+ (ABS(LN(F30)) + (ABS(LN(G30))+(ABS(LN(H30)) + (ABS(LN(I30)) + (ABS(LN(K30)) ))))))))))) -> 0.057337167 | K53: =LN(1 + (1/20 * (ABS(LN(B30)) + (ABS(LN(C30)) + (ABS(LN(D30)) + (ABS(LN(E30))+ (ABS(LN(F30)) + (ABS(LN(G30))+(ABS(LN(H30)) + (ABS(LN(I30)) + (ABS(LN(J30)) ))))))))))) -> 0.057337167
A54: HADI SAPUTRA | B54: =LN(1 + (1/20 * (ABS(LN(C31)) + (ABS(LN(D31)) + (ABS(LN(E31))+ (ABS(LN(F31)) + (ABS(LN(G31))+(ABS(LN(H31)) + (ABS(LN(I31)) + (ABS(LN(J31)) + (ABS(LN(K31)) ))))))))))) -> 0.109737 | C54: =LN(1 + (1/20 * (ABS(LN(B31)) + (ABS(LN(D31)) + (ABS(LN(E31))+ (ABS(LN(F31)) + (ABS(LN(G31))+(ABS(LN(H31)) + (ABS(LN(I31)) + (ABS(LN(J31)) + (ABS(LN(K31)) ))))))))))) -> 0.109737 | D54: =LN(1 + (1/20 * (ABS(LN(B31)) + (ABS(LN(C31)) + (ABS(LN(E31))+ (ABS(LN(F31)) + (ABS(LN(G31))+(ABS(LN(H31)) + (ABS(LN(I31)) + (ABS(LN(J31)) + (ABS(LN(K31)) ))))))))))) -> 0.109737 | E54: =LN(1 + (1/20 * (ABS(LN(B31)) + (ABS(LN(C31)) + (ABS(LN(D31)) + (ABS(LN(F31)) + (ABS(LN(G31))+(ABS(LN(H31)) + (ABS(LN(I31)) + (ABS(LN(J31)) + (ABS(LN(K31)) ))))))))))) -> 0.11968496 | F54: =LN(1 + (1/20 * (ABS(LN(B31)) + (ABS(LN(C31)) + (ABS(LN(D31)) + (ABS(LN(E31))+ (ABS(LN(G31))+(ABS(LN(H31)) + (ABS(LN(I31)) + (ABS(LN(J31)) + (ABS(LN(K31)) ))))))))))) -> 0.096764054 | G54: =LN(1 + (1/20 * (ABS(LN(B31)) + (ABS(LN(C31)) + (ABS(LN(D31)) + (ABS(LN(E31))+ (ABS(LN(F31)) + (ABS(LN(H31)) + (ABS(LN(I31)) + (ABS(LN(J31)) + (ABS(LN(K31)) ))))))))))) -> 0.109737 | H54: =LN(1 + (1/20 * (ABS(LN(B31)) + (ABS(LN(C31)) + (ABS(LN(D31)) + (ABS(LN(E31))+ (ABS(LN(F31)) + (ABS(LN(G31))+(ABS(LN(I31)) + (ABS(LN(J31)) + (ABS(LN(K31)) ))))))))))) -> 0.109737 | I54: =LN(1 + (1/20 * (ABS(LN(B31)) + (ABS(LN(C31)) + (ABS(LN(D31)) + (ABS(LN(E31))+ (ABS(LN(F31)) + (ABS(LN(G31))+(ABS(LN(H31)) + (ABS(LN(J31)) + (ABS(LN(K31)) ))))))))))) -> 0.08845432 | J54: =LN(1 + (1/20 * (ABS(LN(B31)) + (ABS(LN(C31)) + (ABS(LN(D31)) + (ABS(LN(E31))+ (ABS(LN(F31)) + (ABS(LN(G31))+(ABS(LN(H31)) + (ABS(LN(I31)) + (ABS(LN(K31)) ))))))))))) -> 0.109737 | K54: =LN(1 + (1/20 * (ABS(LN(B31)) + (ABS(LN(C31)) + (ABS(LN(D31)) + (ABS(LN(E31))+ (ABS(LN(F31)) + (ABS(LN(G31))+(ABS(LN(H31)) + (ABS(LN(I31)) + (ABS(LN(J31)) ))))))))))) -> 0.11968496
A55: IRFAN AGUS | B55: =LN(1 + (1/20 * (ABS(LN(C32)) + (ABS(LN(D32)) + (ABS(LN(E32))+ (ABS(LN(F32)) + (ABS(LN(G32))+(ABS(LN(H32)) + (ABS(LN(I32)) + (ABS(LN(J32)) + (ABS(LN(K32)) ))))))))))) -> 0.067817506 | C55: =LN(1 + (1/20 * (ABS(LN(B32)) + (ABS(LN(D32)) + (ABS(LN(E32))+ (ABS(LN(F32)) + (ABS(LN(G32))+(ABS(LN(H32)) + (ABS(LN(I32)) + (ABS(LN(J32)) + (ABS(LN(K32)) ))))))))))) -> 0.067817506 | D55: =LN(1 + (1/20 * (ABS(LN(B32)) + (ABS(LN(C32)) + (ABS(LN(E32))+ (ABS(LN(F32)) + (ABS(LN(G32))+(ABS(LN(H32)) + (ABS(LN(I32)) + (ABS(LN(J32)) + (ABS(LN(K32)) ))))))))))) -> 0.067817506 | E55: =LN(1 + (1/20 * (ABS(LN(B32)) + (ABS(LN(C32)) + (ABS(LN(D32)) + (ABS(LN(F32)) + (ABS(LN(G32))+(ABS(LN(H32)) + (ABS(LN(I32)) + (ABS(LN(J32)) + (ABS(LN(K32)) ))))))))))) -> 0.078189147 | F55: =LN(1 + (1/20 * (ABS(LN(B32)) + (ABS(LN(C32)) + (ABS(LN(D32)) + (ABS(LN(E32))+ (ABS(LN(G32))+(ABS(LN(H32)) + (ABS(LN(I32)) + (ABS(LN(J32)) + (ABS(LN(K32)) ))))))))))) -> 0.067817506 | G55: =LN(1 + (1/20 * (ABS(LN(B32)) + (ABS(LN(C32)) + (ABS(LN(D32)) + (ABS(LN(E32))+ (ABS(LN(F32)) + (ABS(LN(H32)) + (ABS(LN(I32)) + (ABS(LN(J32)) + (ABS(LN(K32)) ))))))))))) -> 0.067817506 | H55: =LN(1 + (1/20 * (ABS(LN(B32)) + (ABS(LN(C32)) + (ABS(LN(D32)) + (ABS(LN(E32))+ (ABS(LN(F32)) + (ABS(LN(G32))+(ABS(LN(I32)) + (ABS(LN(J32)) + (ABS(LN(K32)) ))))))))))) -> 0.067817506 | I55: =LN(1 + (1/20 * (ABS(LN(B32)) + (ABS(LN(C32)) + (ABS(LN(D32)) + (ABS(LN(E32))+ (ABS(LN(F32)) + (ABS(LN(G32))+(ABS(LN(H32)) + (ABS(LN(J32)) + (ABS(LN(K32)) ))))))))))) -> 0.064797611 | J55: =LN(1 + (1/20 * (ABS(LN(B32)) + (ABS(LN(C32)) + (ABS(LN(D32)) + (ABS(LN(E32))+ (ABS(LN(F32)) + (ABS(LN(G32))+(ABS(LN(H32)) + (ABS(LN(I32)) + (ABS(LN(K32)) ))))))))))) -> 0.078189147 | K55: =LN(1 + (1/20 * (ABS(LN(B32)) + (ABS(LN(C32)) + (ABS(LN(D32)) + (ABS(LN(E32))+ (ABS(LN(F32)) + (ABS(LN(G32))+(ABS(LN(H32)) + (ABS(LN(I32)) + (ABS(LN(J32)) ))))))))))) -> 0.078189147
A56: LESTARI SIBAGARIANG | B56: =LN(1 + (1/20 * (ABS(LN(C33)) + (ABS(LN(D33)) + (ABS(LN(E33))+ (ABS(LN(F33)) + (ABS(LN(G33))+(ABS(LN(H33)) + (ABS(LN(I33)) + (ABS(LN(J33)) + (ABS(LN(K33)) ))))))))))) -> 0.12953494 | C56: =LN(1 + (1/20 * (ABS(LN(B33)) + (ABS(LN(D33)) + (ABS(LN(E33))+ (ABS(LN(F33)) + (ABS(LN(G33))+(ABS(LN(H33)) + (ABS(LN(I33)) + (ABS(LN(J33)) + (ABS(LN(K33)) ))))))))))) -> 0.12953494 | D56: =LN(1 + (1/20 * (ABS(LN(B33)) + (ABS(LN(C33)) + (ABS(LN(E33))+ (ABS(LN(F33)) + (ABS(LN(G33))+(ABS(LN(H33)) + (ABS(LN(I33)) + (ABS(LN(J33)) + (ABS(LN(K33)) ))))))))))) -> 0.12953494 | E56: =LN(1 + (1/20 * (ABS(LN(B33)) + (ABS(LN(C33)) + (ABS(LN(D33)) + (ABS(LN(F33)) + (ABS(LN(G33))+(ABS(LN(H33)) + (ABS(LN(I33)) + (ABS(LN(J33)) + (ABS(LN(K33)) ))))))))))) -> 0.12953494 | F56: =LN(1 + (1/20 * (ABS(LN(B33)) + (ABS(LN(C33)) + (ABS(LN(D33)) + (ABS(LN(E33))+ (ABS(LN(G33))+(ABS(LN(H33)) + (ABS(LN(I33)) + (ABS(LN(J33)) + (ABS(LN(K33)) ))))))))))) -> 0.11681793 | G56: =LN(1 + (1/20 * (ABS(LN(B33)) + (ABS(LN(C33)) + (ABS(LN(D33)) + (ABS(LN(E33))+ (ABS(LN(F33)) + (ABS(LN(H33)) + (ABS(LN(I33)) + (ABS(LN(J33)) + (ABS(LN(K33)) ))))))))))) -> 0.12953494 | H56: =LN(1 + (1/20 * (ABS(LN(B33)) + (ABS(LN(C33)) + (ABS(LN(D33)) + (ABS(LN(E33))+ (ABS(LN(F33)) + (ABS(LN(G33))+(ABS(LN(I33)) + (ABS(LN(J33)) + (ABS(LN(K33)) ))))))))))) -> 0.12953494 | I56: =LN(1 + (1/20 * (ABS(LN(B33)) + (ABS(LN(C33)) + (ABS(LN(D33)) + (ABS(LN(E33))+ (ABS(LN(F33)) + (ABS(LN(G33))+(ABS(LN(H33)) + (ABS(LN(J33)) + (ABS(LN(K33)) ))))))))))) -> 0.10867385 | J56: =LN(1 + (1/20 * (ABS(LN(B33)) + (ABS(LN(C33)) + (ABS(LN(D33)) + (ABS(LN(E33))+ (ABS(LN(F33)) + (ABS(LN(G33))+(ABS(LN(H33)) + (ABS(LN(I33)) + (ABS(LN(K33)) ))))))))))) -> 0.12953494 | K56: =LN(1 + (1/20 * (ABS(LN(B33)) + (ABS(LN(C33)) + (ABS(LN(D33)) + (ABS(LN(E33))+ (ABS(LN(F33)) + (ABS(LN(G33))+(ABS(LN(H33)) + (ABS(LN(I33)) + (ABS(LN(J33)) ))))))))))) -> 0.12953494
A57: JOSIA NABABAN | B57: =LN(1 + (1/20 * (ABS(LN(C34)) + (ABS(LN(D34)) + (ABS(LN(E34))+ (ABS(LN(F34)) + (ABS(LN(G34))+(ABS(LN(H34)) + (ABS(LN(I34)) + (ABS(LN(J34)) + (ABS(LN(K34)) ))))))))))) -> 0.043661521 | C57: =LN(1 + (1/20 * (ABS(LN(B34)) + (ABS(LN(D34)) + (ABS(LN(E34))+ (ABS(LN(F34)) + (ABS(LN(G34))+(ABS(LN(H34)) + (ABS(LN(I34)) + (ABS(LN(J34)) + (ABS(LN(K34)) ))))))))))) -> 0.043661521 | D57: =LN(1 + (1/20 * (ABS(LN(B34)) + (ABS(LN(C34)) + (ABS(LN(E34))+ (ABS(LN(F34)) + (ABS(LN(G34))+(ABS(LN(H34)) + (ABS(LN(I34)) + (ABS(LN(J34)) + (ABS(LN(K34)) ))))))))))) -> 0.043661521 | E57: =LN(1 + (1/20 * (ABS(LN(B34)) + (ABS(LN(C34)) + (ABS(LN(D34)) + (ABS(LN(F34)) + (ABS(LN(G34))+(ABS(LN(H34)) + (ABS(LN(I34)) + (ABS(LN(J34)) + (ABS(LN(K34)) ))))))))))) -> 0.043661521 | F57: =LN(1 + (1/20 * (ABS(LN(B34)) + (ABS(LN(C34)) + (ABS(LN(D34)) + (ABS(LN(E34))+ (ABS(LN(G34))+(ABS(LN(H34)) + (ABS(LN(I34)) + (ABS(LN(J34)) + (ABS(LN(K34)) ))))))))))) -> 0.054285407 | G57: =LN(1 + (1/20 * (ABS(LN(B34)) + (ABS(LN(C34)) + (ABS(LN(D34)) + (ABS(LN(E34))+ (ABS(LN(F34)) + (ABS(LN(H34)) + (ABS(LN(I34)) + (ABS(LN(J34)) + (ABS(LN(K34)) ))))))))))) -> 0.054285407 | H57: =LN(1 + (1/20 * (ABS(LN(B34)) + (ABS(LN(C34)) + (ABS(LN(D34)) + (ABS(LN(E34))+ (ABS(LN(F34)) + (ABS(LN(G34))+(ABS(LN(I34)) + (ABS(LN(J34)) + (ABS(LN(K34)) ))))))))))) -> 0.054285407 | I57: =LN(1 + (1/20 * (ABS(LN(B34)) + (ABS(LN(C34)) + (ABS(LN(D34)) + (ABS(LN(E34))+ (ABS(LN(F34)) + (ABS(LN(G34))+(ABS(LN(H34)) + (ABS(LN(J34)) + (ABS(LN(K34)) ))))))))))) -> 0.054285407 | J57: =LN(1 + (1/20 * (ABS(LN(B34)) + (ABS(LN(C34)) + (ABS(LN(D34)) + (ABS(LN(E34))+ (ABS(LN(F34)) + (ABS(LN(G34))+(ABS(LN(H34)) + (ABS(LN(I34)) + (ABS(LN(K34)) ))))))))))) -> 0.043661521 | K57: =LN(1 + (1/20 * (ABS(LN(B34)) + (ABS(LN(C34)) + (ABS(LN(D34)) + (ABS(LN(E34))+ (ABS(LN(F34)) + (ABS(LN(G34))+(ABS(LN(H34)) + (ABS(LN(I34)) + (ABS(LN(J34)) ))))))))))) -> 0.054285407
A58: IRMA SIANIPAR | B58: =LN(1 + (1/20 * (ABS(LN(C35)) + (ABS(LN(D35)) + (ABS(LN(E35))+ (ABS(LN(F35)) + (ABS(LN(G35))+(ABS(LN(H35)) + (ABS(LN(I35)) + (ABS(LN(J35)) + (ABS(LN(K35)) ))))))))))) -> 0.091403716 | C58: =LN(1 + (1/20 * (ABS(LN(B35)) + (ABS(LN(D35)) + (ABS(LN(E35))+ (ABS(LN(F35)) + (ABS(LN(G35))+(ABS(LN(H35)) + (ABS(LN(I35)) + (ABS(LN(J35)) + (ABS(LN(K35)) ))))))))))) -> 0.10153481 | D58: =LN(1 + (1/20 * (ABS(LN(B35)) + (ABS(LN(C35)) + (ABS(LN(E35))+ (ABS(LN(F35)) + (ABS(LN(G35))+(ABS(LN(H35)) + (ABS(LN(I35)) + (ABS(LN(J35)) + (ABS(LN(K35)) ))))))))))) -> 0.091403716 | E58: =LN(1 + (1/20 * (ABS(LN(B35)) + (ABS(LN(C35)) + (ABS(LN(D35)) + (ABS(LN(F35)) + (ABS(LN(G35))+(ABS(LN(H35)) + (ABS(LN(I35)) + (ABS(LN(J35)) + (ABS(LN(K35)) ))))))))))) -> 0.091403716 | F58: =LN(1 + (1/20 * (ABS(LN(B35)) + (ABS(LN(C35)) + (ABS(LN(D35)) + (ABS(LN(E35))+ (ABS(LN(G35))+(ABS(LN(H35)) + (ABS(LN(I35)) + (ABS(LN(J35)) + (ABS(LN(K35)) ))))))))))) -> 0.078189147 | G58: =LN(1 + (1/20 * (ABS(LN(B35)) + (ABS(LN(C35)) + (ABS(LN(D35)) + (ABS(LN(E35))+ (ABS(LN(F35)) + (ABS(LN(H35)) + (ABS(LN(I35)) + (ABS(LN(J35)) + (ABS(LN(K35)) ))))))))))) -> 0.091403716 | H58: =LN(1 + (1/20 * (ABS(LN(B35)) + (ABS(LN(C35)) + (ABS(LN(D35)) + (ABS(LN(E35))+ (ABS(LN(F35)) + (ABS(LN(G35))+(ABS(LN(I35)) + (ABS(LN(J35)) + (ABS(LN(K35)) ))))))))))) -> 0.091403716 | I58: =LN(1 + (1/20 * (ABS(LN(B35)) + (ABS(LN(C35)) + (ABS(LN(D35)) + (ABS(LN(E35))+ (ABS(LN(F35)) + (ABS(LN(G35))+(ABS(LN(H35)) + (ABS(LN(J35)) + (ABS(LN(K35)) ))))))))))) -> 0.08845432 | J58: =LN(1 + (1/20 * (ABS(LN(B35)) + (ABS(LN(C35)) + (ABS(LN(D35)) + (ABS(LN(E35))+ (ABS(LN(F35)) + (ABS(LN(G35))+(ABS(LN(H35)) + (ABS(LN(I35)) + (ABS(LN(K35)) ))))))))))) -> 0.091403716 | K58: =LN(1 + (1/20 * (ABS(LN(B35)) + (ABS(LN(C35)) + (ABS(LN(D35)) + (ABS(LN(E35))+ (ABS(LN(F35)) + (ABS(LN(G35))+(ABS(LN(H35)) + (ABS(LN(I35)) + (ABS(LN(J35)) ))))))))))) -> 0.10153481
A59: LAMTIUR NABABAN | B59: =LN(1 + (1/20 * (ABS(LN(C36)) + (ABS(LN(D36)) + (ABS(LN(E36))+ (ABS(LN(F36)) + (ABS(LN(G36))+(ABS(LN(H36)) + (ABS(LN(I36)) + (ABS(LN(J36)) + (ABS(LN(K36)) ))))))))))) -> 0.14209226 | C59: =LN(1 + (1/20 * (ABS(LN(B36)) + (ABS(LN(D36)) + (ABS(LN(E36))+ (ABS(LN(F36)) + (ABS(LN(G36))+(ABS(LN(H36)) + (ABS(LN(I36)) + (ABS(LN(J36)) + (ABS(LN(K36)) ))))))))))) -> 0.14209226 | D59: =LN(1 + (1/20 * (ABS(LN(B36)) + (ABS(LN(C36)) + (ABS(LN(E36))+ (ABS(LN(F36)) + (ABS(LN(G36))+(ABS(LN(H36)) + (ABS(LN(I36)) + (ABS(LN(J36)) + (ABS(LN(K36)) ))))))))))) -> 0.12953494 | E59: =LN(1 + (1/20 * (ABS(LN(B36)) + (ABS(LN(C36)) + (ABS(LN(D36)) + (ABS(LN(F36)) + (ABS(LN(G36))+(ABS(LN(H36)) + (ABS(LN(I36)) + (ABS(LN(J36)) + (ABS(LN(K36)) ))))))))))) -> 0.12953494 | F59: =LN(1 + (1/20 * (ABS(LN(B36)) + (ABS(LN(C36)) + (ABS(LN(D36)) + (ABS(LN(E36))+ (ABS(LN(G36))+(ABS(LN(H36)) + (ABS(LN(I36)) + (ABS(LN(J36)) + (ABS(LN(K36)) ))))))))))) -> 0.14209226 | G59: =LN(1 + (1/20 * (ABS(LN(B36)) + (ABS(LN(C36)) + (ABS(LN(D36)) + (ABS(LN(E36))+ (ABS(LN(F36)) + (ABS(LN(H36)) + (ABS(LN(I36)) + (ABS(LN(J36)) + (ABS(LN(K36)) ))))))))))) -> 0.14209226 | H59: =LN(1 + (1/20 * (ABS(LN(B36)) + (ABS(LN(C36)) + (ABS(LN(D36)) + (ABS(LN(E36))+ (ABS(LN(F36)) + (ABS(LN(G36))+(ABS(LN(I36)) + (ABS(LN(J36)) + (ABS(LN(K36)) ))))))))))) -> 0.14209226 | I59: =LN(1 + (1/20 * (ABS(LN(B36)) + (ABS(LN(C36)) + (ABS(LN(D36)) + (ABS(LN(E36))+ (ABS(LN(F36)) + (ABS(LN(G36))+(ABS(LN(H36)) + (ABS(LN(J36)) + (ABS(LN(K36)) ))))))))))) -> 0.12149419 | J59: =LN(1 + (1/20 * (ABS(LN(B36)) + (ABS(LN(C36)) + (ABS(LN(D36)) + (ABS(LN(E36))+ (ABS(LN(F36)) + (ABS(LN(G36))+(ABS(LN(H36)) + (ABS(LN(I36)) + (ABS(LN(K36)) ))))))))))) -> 0.14209226 | K59: =LN(1 + (1/20 * (ABS(LN(B36)) + (ABS(LN(C36)) + (ABS(LN(D36)) + (ABS(LN(E36))+ (ABS(LN(F36)) + (ABS(LN(G36))+(ABS(LN(H36)) + (ABS(LN(I36)) + (ABS(LN(J36)) ))))))))))) -> 0.14209226
A60: RAHUL NABABAN | B60: =LN(1 + (1/20 * (ABS(LN(C37)) + (ABS(LN(D37)) + (ABS(LN(E37))+ (ABS(LN(F37)) + (ABS(LN(G37))+(ABS(LN(H37)) + (ABS(LN(I37)) + (ABS(LN(J37)) + (ABS(LN(K37)) ))))))))))) -> 0.14209226 | C60: =LN(1 + (1/20 * (ABS(LN(B37)) + (ABS(LN(D37)) + (ABS(LN(E37))+ (ABS(LN(F37)) + (ABS(LN(G37))+(ABS(LN(H37)) + (ABS(LN(I37)) + (ABS(LN(J37)) + (ABS(LN(K37)) ))))))))))) -> 0.12953494 | D60: =LN(1 + (1/20 * (ABS(LN(B37)) + (ABS(LN(C37)) + (ABS(LN(E37))+ (ABS(LN(F37)) + (ABS(LN(G37))+(ABS(LN(H37)) + (ABS(LN(I37)) + (ABS(LN(J37)) + (ABS(LN(K37)) ))))))))))) -> 0.14209226 | E60: =LN(1 + (1/20 * (ABS(LN(B37)) + (ABS(LN(C37)) + (ABS(LN(D37)) + (ABS(LN(F37)) + (ABS(LN(G37))+(ABS(LN(H37)) + (ABS(LN(I37)) + (ABS(LN(J37)) + (ABS(LN(K37)) ))))))))))) -> 0.14209226 | F60: =LN(1 + (1/20 * (ABS(LN(B37)) + (ABS(LN(C37)) + (ABS(LN(D37)) + (ABS(LN(E37))+ (ABS(LN(G37))+(ABS(LN(H37)) + (ABS(LN(I37)) + (ABS(LN(J37)) + (ABS(LN(K37)) ))))))))))) -> 0.12953494 | G60: =LN(1 + (1/20 * (ABS(LN(B37)) + (ABS(LN(C37)) + (ABS(LN(D37)) + (ABS(LN(E37))+ (ABS(LN(F37)) + (ABS(LN(H37)) + (ABS(LN(I37)) + (ABS(LN(J37)) + (ABS(LN(K37)) ))))))))))) -> 0.14209226 | H60: =LN(1 + (1/20 * (ABS(LN(B37)) + (ABS(LN(C37)) + (ABS(LN(D37)) + (ABS(LN(E37))+ (ABS(LN(F37)) + (ABS(LN(G37))+(ABS(LN(I37)) + (ABS(LN(J37)) + (ABS(LN(K37)) ))))))))))) -> 0.14209226 | I60: =LN(1 + (1/20 * (ABS(LN(B37)) + (ABS(LN(C37)) + (ABS(LN(D37)) + (ABS(LN(E37))+ (ABS(LN(F37)) + (ABS(LN(G37))+(ABS(LN(H37)) + (ABS(LN(J37)) + (ABS(LN(K37)) ))))))))))) -> 0.12149419 | J60: =LN(1 + (1/20 * (ABS(LN(B37)) + (ABS(LN(C37)) + (ABS(LN(D37)) + (ABS(LN(E37))+ (ABS(LN(F37)) + (ABS(LN(G37))+(ABS(LN(H37)) + (ABS(LN(I37)) + (ABS(LN(K37)) ))))))))))) -> 0.14209226 | K60: =LN(1 + (1/20 * (ABS(LN(B37)) + (ABS(LN(C37)) + (ABS(LN(D37)) + (ABS(LN(E37))+ (ABS(LN(F37)) + (ABS(LN(G37))+(ABS(LN(H37)) + (ABS(LN(I37)) + (ABS(LN(J37)) ))))))))))) -> 0.14209226
... A68: JELMANRO SILITONGA | B68: =LN(1 + (1/20 * (ABS(LN(C45)) + (ABS(LN(D45)) + (ABS(LN(E45))+ (ABS(LN(F45)) + (ABS(LN(G45))+(ABS(LN(H45)) + (ABS(LN(I45)) + (ABS(LN(J45)) + (ABS(LN(K45)) ))))))))))) -> 0.23052493 | C68: =LN(1 + (1/20 * (ABS(LN(B45)) + (ABS(LN(D45)) + (ABS(LN(E45))+ (ABS(LN(F45)) + (ABS(LN(G45))+(ABS(LN(H45)) + (ABS(LN(I45)) + (ABS(LN(J45)) + (ABS(LN(K45)) ))))))))))) -> 0.23052493 | D68: =LN(1 + (1/20 * (ABS(LN(B45)) + (ABS(LN(C45)) + (ABS(LN(E45))+ (ABS(LN(F45)) + (ABS(LN(G45))+(ABS(LN(H45)) + (ABS(LN(I45)) + (ABS(LN(J45)) + (ABS(LN(K45)) ))))))))))) -> 0.2142946 | E68: =LN(1 + (1/20 * (ABS(LN(B45)) + (ABS(LN(C45)) + (ABS(LN(D45)) + (ABS(LN(F45)) + (ABS(LN(G45))+(ABS(LN(H45)) + (ABS(LN(I45)) + (ABS(LN(J45)) + (ABS(LN(K45)) ))))))))))) -> 0.23052493 | F68: =LN(1 + (1/20 * (ABS(LN(B45)) + (ABS(LN(C45)) + (ABS(LN(D45)) + (ABS(LN(E45))+ (ABS(LN(G45))+(ABS(LN(H45)) + (ABS(LN(I45)) + (ABS(LN(J45)) + (ABS(LN(K45)) ))))))))))) -> 0.23052493 | G68: =LN(1 + (1/20 * (ABS(LN(B45)) + (ABS(LN(C45)) + (ABS(LN(D45)) + (ABS(LN(E45))+ (ABS(LN(F45)) + (ABS(LN(H45)) + (ABS(LN(I45)) + (ABS(LN(J45)) + (ABS(LN(K45)) ))))))))))) -> 0.23052493 | H68: =LN(1 + (1/20 * (ABS(LN(B45)) + (ABS(LN(C45)) + (ABS(LN(D45)) + (ABS(LN(E45))+ (ABS(LN(F45)) + (ABS(LN(G45))+(ABS(LN(I45)) + (ABS(LN(J45)) + (ABS(LN(K45)) ))))))))))) -> 0.23052493 | I68: =LN(1 + (1/20 * (ABS(LN(B45)) + (ABS(LN(C45)) + (ABS(LN(D45)) + (ABS(LN(E45))+ (ABS(LN(F45)) + (ABS(LN(G45))+(ABS(LN(H45)) + (ABS(LN(J45)) + (ABS(LN(K45)) ))))))))))) -> 0.22325937 | J68: =LN(1 + (1/20 * (ABS(LN(B45)) + (ABS(LN(C45)) + (ABS(LN(D45)) + (ABS(LN(E45))+ (ABS(LN(F45)) + (ABS(LN(G45))+(ABS(LN(H45)) + (ABS(LN(I45)) + (ABS(LN(K45)) ))))))))))) -> 0.23052493 | K68: =LN(1 + (1/20 * (ABS(LN(B45)) + (ABS(LN(C45)) + (ABS(LN(D45)) + (ABS(LN(E45))+ (ABS(LN(F45)) + (ABS(LN(G45))+(ABS(LN(H45)) + (ABS(LN(I45)) + (ABS(LN(J45)) ))))))))))) -> 0.23052493
A70: PERHITUNGAN DEVISIASI ABSOLUT
B71: C1 | C71: C2 | D71: C3 | E71: C4 | F71: C5 | G71: C6 | H71: C7 | I71: C8 | J71: C9 | K71: C10 | L71: JUMLAH
B72: =ABS(B49-$L$26) + ABS(B50-$L$27) + ABS(B51-$L$28) + ABS(B52-$L$29) + ABS(B53-$L$30) + ABS(B54-L31) + ABS(B55-$L$32) + ABS(B56-$L$33) + ABS(B57-$L$34) + ABS(B58-$L$35) + ABS(B59-$L$36) + ABS(B60-$L$37) + ABS(B61-$L$38) + ABS(B62-$L$39) + ABS(B63-$L$40) + ABS(B64-$L$41) + ABS(B65-$L$42) + ABS(B66-$L$43) + ABS(B67-$L$44) + ABS(B68-$L$45) -> 0.2353581 | C72: =ABS(C49-$L$26) + ABS(C50-$L$27) + ABS(C51-$L$28) + ABS(C52-$L$29) + ABS(C53-$L$30) + ABS(C54-L31) + ABS(C55-$L$32) + ABS(C56-$L$33) + ABS(C57-$L$34) + ABS(C58-$L$35) + ABS(C59-$L$36) + ABS(C60-$L$37) + ABS(C61-$L$38) + ABS(C62-$L$39) + ABS(C63-$L$40) + ABS(C64-$L$41) + ABS(C65-$L$42) + ABS(C66-$L$43) + ABS(C67-$L$44) + ABS(C68-$L$45) -> 0.23233832 | D72: =ABS(D49-$L$26) + ABS(D50-$L$27) + ABS(D51-$L$28) + ABS(D52-$L$29) + ABS(D53-$L$30) + ABS(D54-N31) + ABS(D55-$L$32) + ABS(D56-$L$33) + ABS(D57-$L$34) + ABS(D58-$L$35) + ABS(D59-$L$36) + ABS(D60-$L$37) + ABS(D61-$L$38) + ABS(D62-$L$39) + ABS(D63-$L$40) + ABS(D64-$L$41) + ABS(D65-$L$42) + ABS(D66-$L$43) + ABS(D67-$L$44) + ABS(D68-$L$45) -> 0.33809635 | E72: =ABS(E49-$L$26) + ABS(E50-$L$27) + ABS(E51-$L$28) + ABS(E52-$L$29) + ABS(E53-$L$30) + ABS(E54-N31) + ABS(E55-$L$32) + ABS(E56-$L$33) + ABS(E57-$L$34) + ABS(E58-$L$35) + ABS(E59-$L$36) + ABS(E60-$L$37) + ABS(E61-$L$38) + ABS(E62-$L$39) + ABS(E63-$L$40) + ABS(E64-$L$41) + ABS(E65-$L$42) + ABS(E66-$L$43) + ABS(E67-$L$44) + ABS(E68-$L$45) -> 0.35817299 | F72: =ABS(F49-$L$26) + ABS(F50-$L$27) + ABS(F51-$L$28) + ABS(F52-$L$29) + ABS(F53-$L$30) + ABS(F54-P31) + ABS(F55-$L$32) + ABS(F56-$L$33) + ABS(F57-$L$34) + ABS(F58-$L$35) + ABS(F59-$L$36) + ABS(F60-$L$37) + ABS(F61-$L$38) + ABS(F62-$L$39) + ABS(F63-$L$40) + ABS(F64-$L$41) + ABS(F65-$L$42) + ABS(F66-$L$43) + ABS(F67-$L$44) + ABS(F68-$L$45) -> 0.36187141 | G72: =ABS(G49-$L$26) + ABS(G50-$L$27) + ABS(G51-$L$28) + ABS(G52-$L$29) + ABS(G53-$L$30) + ABS(G54-P31) + ABS(G55-$L$32) + ABS(G56-$L$33) + ABS(G57-$L$34) + ABS(G58-$L$35) + ABS(G59-$L$36) + ABS(G60-$L$37) + ABS(G61-$L$38) + ABS(G62-$L$39) + ABS(G63-$L$40) + ABS(G64-$L$41) + ABS(G65-$L$42) + ABS(G66-$L$43) + ABS(G67-$L$44) + ABS(G68-$L$45) -> 0.31414031 | H72: =ABS(H49-$L$26) + ABS(H50-$L$27) + ABS(H51-$L$28) + ABS(H52-$L$29) + ABS(H53-$L$30) + ABS(H54-R31) + ABS(H55-$L$32) + ABS(H56-$L$33) + ABS(H57-$L$34) + ABS(H58-$L$35) + ABS(H59-$L$36) + ABS(H60-$L$37) + ABS(H61-$L$38) + ABS(H62-$L$39) + ABS(H63-$L$40) + ABS(H64-$L$41) + ABS(H65-$L$42) + ABS(H66-$L$43) + ABS(H67-$L$44) + ABS(H68-$L$45) -> 0.25523068 | I72: =ABS(I49-$L$26) + ABS(I50-$L$27) + ABS(I51-$L$28) + ABS(I52-$L$29) + ABS(I53-$L$30) + ABS(I54-R31) + ABS(I55-$L$32) + ABS(I56-$L$33) + ABS(I57-$L$34) + ABS(I58-$L$35) + ABS(I59-$L$36) + ABS(I60-$L$37) + ABS(I61-$L$38) + ABS(I62-$L$39) + ABS(I63-$L$40) + ABS(I64-$L$41) + ABS(I65-$L$42) + ABS(I66-$L$43) + ABS(I67-$L$44) + ABS(I68-$L$45) -> 0.53142746 | J72: =ABS(J49-$L$26) + ABS(J50-$L$27) + ABS(J51-$L$28) + ABS(J52-$L$29) + ABS(J53-$L$30) + ABS(J54-T31) + ABS(J55-$L$32) + ABS(J56-$L$33) + ABS(J57-$L$34) + ABS(J58-$L$35) + ABS(J59-$L$36) + ABS(J60-$L$37) + ABS(J61-$L$38) + ABS(J62-$L$39) + ABS(J63-$L$40) + ABS(J64-$L$41) + ABS(J65-$L$42) + ABS(J66-$L$43) + ABS(J67-$L$44) + ABS(J68-$L$45) -> 0.26959222 | K72: =ABS(K49-$L$26) + ABS(K50-$L$27) + ABS(K51-$L$28) + ABS(K52-$L$29) + ABS(K53-$L$30) + ABS(K54-T31) + ABS(K55-$L$32) + ABS(K56-$L$33) + ABS(K57-$L$34) + ABS(K58-$L$35) + ABS(K59-$L$36) + ABS(K60-$L$37) + ABS(K61-$L$38) + ABS(K62-$L$39) + ABS(K63-$L$40) + ABS(K64-$L$41) + ABS(K65-$L$42) + ABS(K66-$L$43) + ABS(K67-$L$44) + ABS(K68-$L$45) -> 0.29133543 | L72: =SUM(B72:K72) -> 3.1875633
A74: PERHITUNGAN BOBOT AKHIR KRITERIA
B75: C1 | C75: C2 | D75: C3 | E75: C4 | F75: C5 | G75: C6 | H75: C7 | I75: C8 | J75: C9 | K75: C10 | L75: JUMLAH
A76: BOBOT | B76: 0.07383637 | C76: 0.072889006 | D76: 0.10606734 | E76: 0.11236577 | F76: 0.11352603 | G76: 0.098551866 | H76: 0.08007078 | I76: 0.16671903 | J76: 0.084576274 | K76: 0.091397537 | L76: =SUM(B76:K76) -> 1
A77: RANK | B77: =RANK(B76,$B$76:$K$76,0) -> 9 | C77: =RANK(C76,$B$76:$K$76,0) -> 10 | D77: =RANK(D76,$B$76:$K$76,0) -> 4 | E77: =RANK(E76,$B$76:$K$76,0) -> 3 | F77: =RANK(F76,$B$76:$K$76,0) -> 2 | G77: =RANK(G76,$B$76:$K$76,0) -> 5 | H77: =RANK(H76,$B$76:$K$76,0) -> 8 | I77: =RANK(I76,$B$76:$K$76,0) -> 1 | ... K77: =RANK(K76,$B$76:$K$76,0) -> 6

Sheet MARCOS
A1: PERHITUNGAN MARCOS DENGAN BOBOT MEREC
A2: ALTERNATIF | B2: C1 | C2: C2 | D2: C3 | E2: C4 | F2: C5 | G2: C6 | H2: C7 | I2: C8 | J2: C9 | K2: C10
A3: AMANDA NABABAN | B3: 5 | C3: 5 | D3: 5 | E3: 4 | F3: 5 | G3: 5 | H3: 5 | I3: 4 | J3: 5 | K3: 4
A4: ARNITA NABABAN | B4: 5 | C4: 5 | D4: 4 | E4: 4 | F4: 4 | G4: 4 | H4: 5 | I4: 4 | J4: 5 | K4: 4
A5: MORES NABABAN | B5: 4 | C5: 5 | D5: 4 | E5: 5 | F5: 4 | G5: 4 | H5: 5 | I5: 3 | J5: 5 | K5: 4
A6: SARITUA MARPAUNG | B6: 5 | C6: 5 | D6: 5 | E6: 5 | F6: 5 | G6: 5 | H6: 5 | I6: 4 | J6: 5 | K6: 5
A7: ELSA NABABAN | B7: 4 | C7: 5 | D7: 4 | E7: 4 | F7: 4 | G7: 5 | H7: 5 | I7: 3 | J7: 5 | K7: 5
A8: HADI SAPUTRA | B8: 4 | C8: 4 | D8: 4 | E8: 5 | F8: 3 | G8: 4 | H8: 4 | I8: 2 | J8: 4 | K8: 5
A9: IRFAN AGUS | B9: 4 | C9: 4 | D9: 4 | E9: 5 | F9: 4 | G9: 4 | H9: 4 | I9: 3 | J9: 5 | K9: 5
A10: LESTARI SIBAGARIANG | B10: 4 | C10: 4 | D10: 4 | E10: 4 | F10: 3 | G10: 4 | H10: 4 | I10: 2 | J10: 4 | K10: 4
A11: JOSIA NABABAN | B11: 4 | C11: 4 | D11: 4 | E11: 4 | F11: 5 | G11: 5 | H11: 5 | I11: 4 | J11: 4 | K11: 5
A12: IRMA SIANIPAR | B12: 4 | C12: 5 | D12: 4 | E12: 4 | F12: 3 | G12: 4 | H12: 4 | I12: 3 | J12: 4 | K12: 5
A13: LAMTIUR NABABAN | B13: 4 | C13: 4 | D13: 3 | E13: 3 | F13: 4 | G13: 4 | H13: 4 | I13: 2 | J13: 4 | K13: 4
A14: RAHUL NABABAN | B14: 4 | C14: 3 | D14: 4 | E14: 4 | F14: 3 | G14: 4 | H14: 4 | I14: 2 | J14: 4 | K14: 4
... A22: JELMANRO SILITONGA | B22: 3 | C22: 3 | D22: 2 | E22: 3 | F22: 3 | G22: 3 | H22: 3 | I22: 2 | J22: 3 | K22: 3
A23: AI | B23: =MAX(B3:B22) -> 5 | C23: =MAX(C3:C22) -> 5 | D23: =MAX(D3:D22) -> 5 | E23: =MAX(E3:E22) -> 5 | F23: =MAX(F3:F22) -> 5 | G23: =MAX(G3:G22) -> 5 | H23: =MAX(H3:H22) -> 5 | I23: =MAX(I3:I22) -> 4 | J23: =MAX(J3:J22) -> 5 | K23: 5
A24: AAI | B24: =min(B3:B22) -> 3 | C24: =min(C3:C22) -> 2 | D24: =min(D3:D22) -> 2 | E24: =min(E3:E22) -> 3 | F24: =min(F3:F22) -> 3 | G24: =min(G3:G22) -> 3 | H24: =min(H3:H22) -> 3 | I24: =min(I3:I22) -> 1 | J24: =min(J3:J22) -> 3 | K24: 3
A27: NORMALISASI BOBOT
A28: ALTERNATIF | B28: C1 | C28: C2 | D28: C3 | E28: C4 | F28: C5 | G28: C6 | H28: C7 | I28: C8 | J28: C9 | K28: C10
A29: BOBOT | B29: =MEREC!B76 -> 0.07383637 | C29: =MEREC!C76 -> 0.072889006 | D29: =MEREC!D76 -> 0.10606734 | E29: =MEREC!E76 -> 0.11236577 | F29: =MEREC!F76 -> 0.11352603 | G29: =MEREC!G76 -> 0.098551866 | H29: =MEREC!H76 -> 0.08007078 | I29: =MEREC!I76 -> 0.16671903 | ... K29: =MEREC!K76 -> 0.091397537
A30: AMANDA NABABAN | B30: =MEREC!B26 -> 1 | C30: =MEREC!C26 -> 1 | D30: =MEREC!D26 -> 1 | E30: =MEREC!E26 -> 0.8 | F30: =MEREC!F26 -> 1 | G30: =MEREC!G26 -> 1 | H30: =MEREC!H26 -> 1 | I30: =MEREC!I26 -> 1 | ... K30: =MEREC!K26 -> 0.8
A31: ARNITA NABABAN | B31: =MEREC!B27 -> 1 | C31: =MEREC!C27 -> 1 | D31: =MEREC!D27 -> 0.8 | E31: =MEREC!E27 -> 0.8 | F31: =MEREC!F27 -> 0.8 | G31: =MEREC!G27 -> 0.8 | H31: =MEREC!H27 -> 1 | I31: =MEREC!I27 -> 1 | ... K31: =MEREC!K27 -> 0.8
A32: MORES NABABAN | B32: =MEREC!B28 -> 0.8 | C32: =MEREC!C28 -> 1 | D32: =MEREC!D28 -> 0.8 | E32: =MEREC!E28 -> 1 | F32: =MEREC!F28 -> 0.8 | G32: =MEREC!G28 -> 0.8 | H32: =MEREC!H28 -> 1 | I32: =MEREC!I28 -> 0.75 | ... K32: =MEREC!K28 -> 0.8
A33: SARITUA MARPAUNG | B33: =MEREC!B29 -> 1 | C33: =MEREC!C29 -> 1 | D33: =MEREC!D29 -> 1 | E33: =MEREC!E29 -> 1 | F33: =MEREC!F29 -> 1 | G33: =MEREC!G29 -> 1 | H33: =MEREC!H29 -> 1 | I33: =MEREC!I29 -> 1 | ... K33: =MEREC!K29 -> 1
A34: ELSA NABABAN | B34: =MEREC!B30 -> 0.8 | C34: =MEREC!C30 -> 1 | D34: =MEREC!D30 -> 0.8 | E34: =MEREC!E30 -> 0.8 | F34: =MEREC!F30 -> 0.8 | G34: =MEREC!G30 -> 1 | H34: =MEREC!H30 -> 1 | I34: =MEREC!I30 -> 0.75 | ... K34: =MEREC!K30 -> 1
A35: HADI SAPUTRA | B35: =MEREC!B31 -> 0.8 | C35: =MEREC!C31 -> 0.8 | D35: =MEREC!D31 -> 0.8 | E35: =MEREC!E31 -> 1 | F35: =MEREC!F31 -> 0.6 | G35: =MEREC!G31 -> 0.8 | H35: =MEREC!H31 -> 0.8 | I35: =MEREC!I31 -> 0.5 | ... K35: =MEREC!K31 -> 1
A36: IRFAN AGUS | B36: =MEREC!B32 -> 0.8 | C36: =MEREC!C32 -> 0.8 | D36: =MEREC!D32 -> 0.8 | E36: =MEREC!E32 -> 1 | F36: =MEREC!F32 -> 0.8 | G36: =MEREC!G32 -> 0.8 | H36: =MEREC!H32 -> 0.8 | I36: =MEREC!I32 -> 0.75 | ... K36: =MEREC!K32 -> 1
A37: LESTARI SIBAGARIANG | B37: =MEREC!B33 -> 0.8 | C37: =MEREC!C33 -> 0.8 | D37: =MEREC!D33 -> 0.8 | E37: =MEREC!E33 -> 0.8 | F37: =MEREC!F33 -> 0.6 | G37: =MEREC!G33 -> 0.8 | H37: =MEREC!H33 -> 0.8 | I37: =MEREC!I33 -> 0.5 | ... K37: =MEREC!K33 -> 0.8
A38: JOSIA NABABAN | B38: =MEREC!B34 -> 0.8 | C38: =MEREC!C34 -> 0.8 | D38: =MEREC!D34 -> 0.8 | E38: =MEREC!E34 -> 0.8 | F38: =MEREC!F34 -> 1 | G38: =MEREC!G34 -> 1 | H38: =MEREC!H34 -> 1 | I38: =MEREC!I34 -> 1 | ... K38: =MEREC!K34 -> 1
A39: IRMA SIANIPAR | B39: =MEREC!B35 -> 0.8 | C39: =MEREC!C35 -> 1 | D39: =MEREC!D35 -> 0.8 | E39: =MEREC!E35 -> 0.8 | F39: =MEREC!F35 -> 0.6 | G39: =MEREC!G35 -> 0.8 | H39: =MEREC!H35 -> 0.8 | I39: =MEREC!I35 -> 0.75 | ... K39: =MEREC!K35 -> 1
A40: LAMTIUR NABABAN | B40: =MEREC!B36 -> 0.8 | C40: =MEREC!C36 -> 0.8 | D40: =MEREC!D36 -> 0.6 | E40: =MEREC!E36 -> 0.6 | F40: =MEREC!F36 -> 0.8 | G40: =MEREC!G36 -> 0.8 | H40: =MEREC!H36 -> 0.8 | I40: =MEREC!I36 -> 0.5 | ... K40: =MEREC!K36 -> 0.8
A41: RAHUL NABABAN | B41: =MEREC!B37 -> 0.8 | C41: =MEREC!C37 -> 0.6 | D41: =MEREC!D37 -> 0.8 | E41: =MEREC!E37 -> 0.8 | F41: =MEREC!F37 -> 0.6 | G41: =MEREC!G37 -> 0.8 | H41: =MEREC!H37 -> 0.8 | I41: =MEREC!I37 -> 0.5 | ... K41: =MEREC!K37 -> 0.8
... A49: JELMANRO SILITONGA | B49: =MEREC!B45 -> 0.6 | C49: =MEREC!C45 -> 0.6 | D49: =MEREC!D45 -> 0.4 | E49: =MEREC!E45 -> 0.6 | F49: =MEREC!F45 -> 0.6 | G49: =MEREC!G45 -> 0.6 | H49: =MEREC!H45 -> 0.6 | I49: =MEREC!I45 -> 0.5 | ... K49: =MEREC!K45 -> 0.6
A50: AI | B50: =B23/$B$23 -> 1 | C50: =C23/$C$23 -> 1 | D50: =D23/$D$23 -> 1 | E50: =E23/$E$23 -> 1 | F50: =F23/$F$23 -> 1 | G50: =G23/$G$23 -> 1 | H50: =H23/$H$23 -> 1 | I50: =I23/$I$23 -> 1 | J50: =J23/$J$23 -> 1 | K50: =K23/$K$23 -> 1
A51: AAI | B51: =B24/$B$23 -> 0.6 | C51: =C24/$C$23 -> 0.4 | D51: =D24/$D$23 -> 0.4 | E51: =E24/$E$23 -> 0.6 | F51: =F24/$F$23 -> 0.6 | G51: =G24/$G$23 -> 0.6 | H51: =H24/$H$23 -> 0.6 | I51: =I24/$I$23 -> 0.25 | J51: =J24/$J$23 -> 0.6 | K51: =K24/$K$23 -> 0.6
A53: HASIL NORMALISASI TERBOBOT | L53: PERHITUNGAN NILAI UTILITAS
A54: ALTERNATIF | B54: C1 | C54: C2 | D54: C3 | E54: C4 | F54: C5 | G54: C6 | H54: C7 | I54: C8 | J54: C9 | K54: C10 | L54: Si | M54: WSM dengan BOBOT MEREC | N54: Rank WSM
A55: AMANDA NABABAN | B55: =$B$29*B30 -> 0.07383637 | C55: =$C$29*C30 -> 0.072889006 | D55: =$D$29*D30 -> 0.10606734 | E55: =$E$29*E30 -> 0.089892612 | F55: =$F$29*F30 -> 0.11352603 | G55: =$G$29*G30 -> 0.098551866 | H55: =$H$29*H30 -> 0.08007078 | I55: =$I$29*I30 -> 0.16671903 | J55: =$J$29*J30 -> 0.084576274 | K55: =$K$29*K30 -> 0.073118029 | L55: =SUM(B55:K55) -> 0.95924734 | M55: =SUM(B55:K55) -> 0.95924734 | N55: =RANK(M55,$M$55:$M$74,0) -> 2
A56: ARNITA NABABAN | B56: =$B$29*B31 -> 0.07383637 | C56: =$C$29*C31 -> 0.072889006 | D56: =$D$29*D31 -> 0.084853871 | E56: =$E$29*E31 -> 0.089892612 | F56: =$F$29*F31 -> 0.090820825 | G56: =$G$29*G31 -> 0.078841493 | H56: =$H$29*H31 -> 0.08007078 | I56: =$I$29*I31 -> 0.16671903 | J56: =$J$29*J31 -> 0.084576274 | K56: =$K$29*K31 -> 0.073118029 | L56: =SUM(B56:K56) -> 0.89561829 | M56: =SUM(B56:K56) -> 0.89561829 | N56: =RANK(M56,$M$55:$M$74,0) -> 4
A57: MORES NABABAN | B57: =$B$29*B32 -> 0.059069096 | C57: =$C$29*C32 -> 0.072889006 | D57: =$D$29*D32 -> 0.084853871 | E57: =$E$29*E32 -> 0.11236577 | F57: =$F$29*F32 -> 0.090820825 | G57: =$G$29*G32 -> 0.078841493 | H57: =$H$29*H32 -> 0.08007078 | I57: =$I$29*I32 -> 0.12503927 | J57: =$J$29*J32 -> 0.084576274 | K57: =$K$29*K32 -> 0.073118029 | L57: =SUM(B57:K57) -> 0.86164441 | M57: =SUM(B57:K57) -> 0.86164441 | N57: =RANK(M57,$M$55:$M$74,0) -> 6
A58: SARITUA MARPAUNG | B58: =$B$29*B33 -> 0.07383637 | C58: =$C$29*C33 -> 0.072889006 | D58: =$D$29*D33 -> 0.10606734 | E58: =$E$29*E33 -> 0.11236577 | F58: =$F$29*F33 -> 0.11352603 | G58: =$G$29*G33 -> 0.098551866 | H58: =$H$29*H33 -> 0.08007078 | I58: =$I$29*I33 -> 0.16671903 | J58: =$J$29*J33 -> 0.084576274 | K58: =$K$29*K33 -> 0.091397537 | L58: =SUM(B58:K58) -> 1 | M58: =SUM(B58:K58) -> 1 | N58: =RANK(M58,$M$55:$M$74,0) -> 1
A59: ELSA NABABAN | B59: =$B$29*B34 -> 0.059069096 | C59: =$C$29*C34 -> 0.072889006 | D59: =$D$29*D34 -> 0.084853871 | E59: =$E$29*E34 -> 0.089892612 | F59: =$F$29*F34 -> 0.090820825 | G59: =$G$29*G34 -> 0.098551866 | H59: =$H$29*H34 -> 0.08007078 | I59: =$I$29*I34 -> 0.12503927 | J59: =$J$29*J34 -> 0.084576274 | K59: =$K$29*K34 -> 0.091397537 | L59: =SUM(B59:K59) -> 0.87716114 | M59: =SUM(B59:K59) -> 0.87716114 | N59: =RANK(M59,$M$55:$M$74,0) -> 5
A60: HADI SAPUTRA | B60: =$B$29*B35 -> 0.059069096 | C60: =$C$29*C35 -> 0.058311205 | D60: =$D$29*D35 -> 0.084853871 | E60: =$E$29*E35 -> 0.11236577 | F60: =$F$29*F35 -> 0.068115619 | G60: =$G$29*G35 -> 0.078841493 | H60: =$H$29*H35 -> 0.064056624 | I60: =$I$29*I35 -> 0.083359516 | J60: =$J$29*J35 -> 0.067661019 | K60: =$K$29*K35 -> 0.091397537 | L60: =SUM(B60:K60) -> 0.76803174 | M60: =SUM(B60:K60) -> 0.76803174 | N60: =RANK(M60,$M$55:$M$74,0) -> 9
A61: IRFAN AGUS | B61: =$B$29*B36 -> 0.059069096 | C61: =$C$29*C36 -> 0.058311205 | D61: =$D$29*D36 -> 0.084853871 | E61: =$E$29*E36 -> 0.11236577 | F61: =$F$29*F36 -> 0.090820825 | G61: =$G$29*G36 -> 0.078841493 | H61: =$H$29*H36 -> 0.064056624 | I61: =$I$29*I36 -> 0.12503927 | J61: =$J$29*J36 -> 0.084576274 | K61: =$K$29*K36 -> 0.091397537 | L61: =SUM(B61:K61) -> 0.84933196 | M61: =SUM(B61:K61) -> 0.84933196 | N61: =RANK(M61,$M$55:$M$74,0) -> 7
A62: LESTARI SIBAGARIANG | B62: =$B$29*B37 -> 0.059069096 | C62: =$C$29*C37 -> 0.058311205 | D62: =$D$29*D37 -> 0.084853871 | E62: =$E$29*E37 -> 0.089892612 | F62: =$F$29*F37 -> 0.068115619 | G62: =$G$29*G37 -> 0.078841493 | H62: =$H$29*H37 -> 0.064056624 | I62: =$I$29*I37 -> 0.083359516 | J62: =$J$29*J37 -> 0.067661019 | K62: =$K$29*K37 -> 0.073118029 | L62: =SUM(B62:K62) -> 0.72727908 | M62: =SUM(B62:K62) -> 0.72727908 | N62: =RANK(M62,$M$55:$M$74,0) -> 11
A63: JOSIA NABABAN | B63: =$B$29*B38 -> 0.059069096 | C63: =$C$29*C38 -> 0.058311205 | D63: =$D$29*D38 -> 0.084853871 | E63: =$E$29*E38 -> 0.089892612 | F63: =$F$29*F38 -> 0.11352603 | G63: =$G$29*G38 -> 0.098551866 | H63: =$H$29*H38 -> 0.08007078 | I63: =$I$29*I38 -> 0.16671903 | J63: =$J$29*J38 -> 0.067661019 | K63: =$K$29*K38 -> 0.091397537 | L63: =SUM(B63:K63) -> 0.91005305 | M63: =SUM(B63:K63) -> 0.91005305 | N63: =RANK(M63,$M$55:$M$74,0) -> 3
A64: IRMA SIANIPAR | B64: =$B$29*B39 -> 0.059069096 | C64: =$C$29*C39 -> 0.072889006 | D64: =$D$29*D39 -> 0.084853871 | E64: =$E$29*E39 -> 0.089892612 | F64: =$F$29*F39 -> 0.068115619 | G64: =$G$29*G39 -> 0.078841493 | H64: =$H$29*H39 -> 0.064056624 | I64: =$I$29*I39 -> 0.12503927 | J64: =$J$29*J39 -> 0.067661019 | K64: =$K$29*K39 -> 0.091397537 | L64: =SUM(B64:K64) -> 0.80181615 | M64: =SUM(B64:K64) -> 0.80181615 | N64: =RANK(M64,$M$55:$M$74,0) -> 8
A65: LAMTIUR NABABAN | B65: =$B$29*B40 -> 0.059069096 | C65: =$C$29*C40 -> 0.058311205 | D65: =$D$29*D40 -> 0.063640403 | E65: =$E$29*E40 -> 0.067419459 | F65: =$F$29*F40 -> 0.090820825 | G65: =$G$29*G40 -> 0.078841493 | H65: =$H$29*H40 -> 0.064056624 | I65: =$I$29*I40 -> 0.083359516 | J65: =$J$29*J40 -> 0.067661019 | K65: =$K$29*K40 -> 0.073118029 | L65: =SUM(B65:K65) -> 0.70629767 | M65: =SUM(B65:K65) -> 0.70629767 | N65: =RANK(M65,$M$55:$M$74,0) -> 13
A66: RAHUL NABABAN | B66: =$B$29*B41 -> 0.059069096 | C66: =$C$29*C41 -> 0.043733404 | D66: =$D$29*D41 -> 0.084853871 | E66: =$E$29*E41 -> 0.089892612 | F66: =$F$29*F41 -> 0.068115619 | G66: =$G$29*G41 -> 0.078841493 | H66: =$H$29*H41 -> 0.064056624 | I66: =$I$29*I41 -> 0.083359516 | J66: =$J$29*J41 -> 0.067661019 | K66: =$K$29*K41 -> 0.073118029 | L66: =SUM(B66:K66) -> 0.71270128 | M66: =SUM(B66:K66) -> 0.71270128 | N66: =RANK(M66,$M$55:$M$74,0) -> 12
... A74: JELMANRO SILITONGA | B74: =$B$29*B49 -> 0.044301822 | C74: =$C$29*C49 -> 0.043733404 | D74: =$D$29*D49 -> 0.042426935 | E74: =$E$29*E49 -> 0.067419459 | F74: =$F$29*F49 -> 0.068115619 | G74: =$G$29*G49 -> 0.059131119 | H74: =$H$29*H49 -> 0.048042468 | I74: =$I$29*I49 -> 0.083359516 | J74: =$J$29*J49 -> 0.050745764 | K74: =$K$29*K49 -> 0.054838522 | L74: =SUM(B74:K74) -> 0.56211463 | M74: =SUM(B74:K74) -> 0.56211463 | N74: =RANK(M74,$M$55:$M$74,0) -> 19
A75: AI | B75: =$B$29*B50 -> 0.07383637 | C75: =$C$29*C50 -> 0.072889006 | D75: =$D$29*D50 -> 0.10606734 | E75: =$E$29*E50 -> 0.11236577 | F75: =$F$29*F50 -> 0.11352603 | G75: =$G$29*G50 -> 0.098551866 | H75: =$H$29*H50 -> 0.08007078 | I75: =$I$29*I50 -> 0.16671903 | J75: =$J$29*J50 -> 0.084576274 | K75: =$K$29*K50 -> 0.091397537 | L75: =SUM(B75:K75) -> 1
A76: AAI | B76: =$B$29*B51 -> 0.044301822 | C76: =$C$29*C51 -> 0.029155603 | D76: =$D$29*D51 -> 0.042426935 | E76: =$E$29*E51 -> 0.067419459 | F76: =$F$29*F51 -> 0.068115619 | G76: =$G$29*G51 -> 0.059131119 | H76: =$H$29*H51 -> 0.048042468 | I76: =$I$29*I51 -> 0.041679758 | J76: =$J$29*J51 -> 0.050745764 | K76: =$K$29*K51 -> 0.054838522 | L76: =SUM(B76:K76) -> 0.50585707
B78: Ki- | C78: Ki+ | D78: f(ki-) | E78: f(ki+) | F78: f(ki) | G78: Ranking | H78: Urutan Ranking Berdasarkan Nama Alternatif
A79: AMANDA NABABAN | B79: =L55/$L$76 -> 1.8962814 | C79: =L55/$L$75 -> 0.95924734 | D79: =C79/(C79+B79) -> 0.33592635 | E79: =B79/(C79+B79) -> 0.66407365 | F79: =(C79+B79)/(1+((1-E79)/E79)+((1-D79)/D79)) -> 0.81991807 | G79: =RANK(F79,$F$79:$F$98,0) -> 2 | H79: {=SORT(A79:A98,G79:G98,1)} -> SARITUA MARPAUNG
A80: ARNITA NABABAN | B80: =L56/$L$76 -> 1.7704967 | C80: =L56/$L$75 -> 0.89561829 | D80: =C80/(C80+B80) -> 0.33592635 | E80: =B80/(C80+B80) -> 0.66407365 | F80: =(C80+B80)/(1+((1-E80)/E80)+((1-D80)/D80)) -> 0.76553105 | G80: =RANK(F80,$F$79:$F$98,0) -> 4 | H80: AMANDA NABABAN
A81: MORES NABABAN | B81: =L57/$L$76 -> 1.7033357 | C81: =L57/$L$75 -> 0.86164441 | D81: =C81/(C81+B81) -> 0.33592635 | E81: =B81/(C81+B81) -> 0.66407365 | F81: =(C81+B81)/(1+((1-E81)/E81)+((1-D81)/D81)) -> 0.73649183 | G81: =RANK(F81,$F$79:$F$98,0) -> 6 | H81: JOSIA NABABAN
A82: SARITUA MARPAUNG | B82: =L58/$L$76 -> 1.976843 | C82: =L58/$L$75 -> 1 | D82: =C82/(C82+B82) -> 0.33592635 | E82: =B82/(C82+B82) -> 0.66407365 | F82: =(C82+B82)/(1+((1-E82)/E82)+((1-D82)/D82)) -> 0.85475147 | G82: =RANK(F82,$F$79:$F$98,0) -> 1 | H82: ARNITA NABABAN
A83: ELSA NABABAN | B83: =L59/$L$76 -> 1.7340098 | C83: =L59/$L$75 -> 0.87716114 | D83: =C83/(C83+B83) -> 0.33592635 | E83: =B83/(C83+B83) -> 0.66407365 | F83: =(C83+B83)/(1+((1-E83)/E83)+((1-D83)/D83)) -> 0.74975477 | G83: =RANK(F83,$F$79:$F$98,0) -> 5 | H83: ELSA NABABAN
A84: HADI SAPUTRA | B84: =L60/$L$76 -> 1.5182782 | C84: =L60/$L$75 -> 0.76803174 | D84: =C84/(C84+B84) -> 0.33592635 | E84: =B84/(C84+B84) -> 0.66407365 | F84: =(C84+B84)/(1+((1-E84)/E84)+((1-D84)/D84)) -> 0.65647626 | G84: =RANK(F84,$F$79:$F$98,0) -> 9 | H84: MORES NABABAN
A85: IRFAN AGUS | B85: =L61/$L$76 -> 1.6789959 | C85: =L61/$L$75 -> 0.84933196 | D85: =C85/(C85+B85) -> 0.33592635 | E85: =B85/(C85+B85) -> 0.66407365 | F85: =(C85+B85)/(1+((1-E85)/E85)+((1-D85)/D85)) -> 0.72596774 | G85: =RANK(F85,$F$79:$F$98,0) -> 7 | H85: IRFAN AGUS
A86: LESTARI SIBAGARIANG | B86: =L62/$L$76 -> 1.4377166 | C86: =L62/$L$75 -> 0.72727908 | D86: =C86/(C86+B86) -> 0.33592635 | E86: =B86/(C86+B86) -> 0.66407365 | F86: =(C86+B86)/(1+((1-E86)/E86)+((1-D86)/D86)) -> 0.62164286 | G86: =RANK(F86,$F$79:$F$98,0) -> 11 | H86: IRMA SIANIPAR
A87: JOSIA NABABAN | B87: =L63/$L$76 -> 1.799032 | C87: =L63/$L$75 -> 0.91005305 | D87: =C87/(C87+B87) -> 0.33592635 | E87: =B87/(C87+B87) -> 0.66407365 | F87: =(C87+B87)/(1+((1-E87)/E87)+((1-D87)/D87)) -> 0.77786918 | G87: =RANK(F87,$F$79:$F$98,0) -> 3 | H87: HADI SAPUTRA
A88: IRMA SIANIPAR | B88: =L64/$L$76 -> 1.5850646 | C88: =L64/$L$75 -> 0.80181615 | D88: =C88/(C88+B88) -> 0.33592635 | E88: =B88/(C88+B88) -> 0.66407365 | F88: =(C88+B88)/(1+((1-E88)/E88)+((1-D88)/D88)) -> 0.68535353 | G88: =RANK(F88,$F$79:$F$98,0) -> 8 | H88: ELFRIDA SITINJAK
A89: LAMTIUR NABABAN | B89: =L65/$L$76 -> 1.3962396 | C89: =L65/$L$75 -> 0.70629767 | D89: =C89/(C89+B89) -> 0.33592635 | E89: =B89/(C89+B89) -> 0.66407365 | F89: =(C89+B89)/(1+((1-E89)/E89)+((1-D89)/D89)) -> 0.60370897 | G89: =RANK(F89,$F$79:$F$98,0) -> 13 | H89: LESTARI SIBAGARIANG
A90: RAHUL NABABAN | B90: =L66/$L$76 -> 1.4088985 | C90: =L66/$L$75 -> 0.71270128 | D90: =C90/(C90+B90) -> 0.33592635 | E90: =B90/(C90+B90) -> 0.66407365 | F90: =(C90+B90)/(1+((1-E90)/E90)+((1-D90)/D90)) -> 0.60918247 | G90: =RANK(F90,$F$79:$F$98,0) -> 12 | H90: RAHUL NABABAN
A91: HOSIANA NABABAN | B91: =L67/$L$76 -> 1.3877652 | C91: =L67/$L$75 -> 0.70201081 | D91: =C91/(C91+B91) -> 0.33592635 | E91: =B91/(C91+B91) -> 0.66407365 | F91: =(C91+B91)/(1+((1-E91)/E91)+((1-D91)/D91)) -> 0.60004477 | G91: =RANK(F91,$F$79:$F$98,0) -> 14 | H91: LAMTIUR NABABAN
... A98: JELMANRO SILITONGA | B98: =L74/$L$76 -> 1.1112124 | C98: =L74/$L$75 -> 0.56211463 | D98: =C98/(C98+B98) -> 0.33592635 | E98: =B98/(C98+B98) -> 0.66407365 | F98: =(C98+B98)/(1+((1-E98)/E98)+((1-D98)/D98)) -> 0.4804683 | G98: =RANK(F98,$F$79:$F$98,0) -> 19 | H98: SERDI SILITONGA
A101: PERANKINGAN MARCOS MENGGUNAKAN BOBOT FUCOM
A102: =A27 -> NORMALISASI BOBOT | B102: =B27 | C102: =C27 | D102: =D27 | E102: =E27 | F102: =F27 | G102: =G27 | H102: =H27 | ... K102: =K27
A103: =A28 -> ALTERNATIF | B103: =B28 -> C1 | C103: =C28 -> C2 | D103: =D28 -> C3 | E103: =E28 -> C4 | F103: =F28 -> C5 | G103: =G28 -> C6 | H103: =H28 -> C7 | ... K103: =K28 -> C10
A104: =A29 -> BOBOT | B104: =FUCOM!L89 -> 0.085 | C104: =FUCOM!L90 -> 0.12666667 | D104: =FUCOM!L91 -> 0.12333333 | E104: =FUCOM!L92 -> 0.085 | F104: =FUCOM!L93 -> 0.065 | G104: =FUCOM!L94 -> 0.095 | H104: =FUCOM!L95 -> 0.12 | I104: =FUCOM!L96 -> 0.1 | J104: =FUCOM!L97 -> 0.115 | K104: =FUCOM!L98 -> 0.085
A105: =A30 -> AMANDA NABABAN | B105: =B30 -> 1 | C105: =C30 -> 1 | D105: =D30 -> 1 | E105: =E30 -> 0.8 | F105: =F30 -> 1 | G105: =G30 -> 1 | H105: =H30 -> 1 | ... K105: =K30 -> 0.8
A106: =A31 -> ARNITA NABABAN | B106: =B31 -> 1 | C106: =C31 -> 1 | D106: =D31 -> 0.8 | E106: =E31 -> 0.8 | F106: =F31 -> 0.8 | G106: =G31 -> 0.8 | H106: =H31 -> 1 | ... K106: =K31 -> 0.8
A107: =A32 -> MORES NABABAN | B107: =B32 -> 0.8 | C107: =C32 -> 1 | D107: =D32 -> 0.8 | E107: =E32 -> 1 | F107: =F32 -> 0.8 | G107: =G32 -> 0.8 | H107: =H32 -> 1 | ... K107: =K32 -> 0.8
A108: =A33 -> SARITUA MARPAUNG | B108: =B33 -> 1 | C108: =C33 -> 1 | D108: =D33 -> 1 | E108: =E33 -> 1 | F108: =F33 -> 1 | G108: =G33 -> 1 | H108: =H33 -> 1 | ... K108: =K33 -> 1
A109: =A34 -> ELSA NABABAN | B109: =B34 -> 0.8 | C109: =C34 -> 1 | D109: =D34 -> 0.8 | E109: =E34 -> 0.8 | F109: =F34 -> 0.8 | G109: =G34 -> 1 | H109: =H34 -> 1 | ... K109: =K34 -> 1
A110: =A35 -> HADI SAPUTRA | B110: =B35 -> 0.8 | C110: =C35 -> 0.8 | D110: =D35 -> 0.8 | E110: =E35 -> 1 | F110: =F35 -> 0.6 | G110: =G35 -> 0.8 | H110: =H35 -> 0.8 | ... K110: =K35 -> 1
A111: =A36 -> IRFAN AGUS | B111: =B36 -> 0.8 | C111: =C36 -> 0.8 | D111: =D36 -> 0.8 | E111: =E36 -> 1 | F111: =F36 -> 0.8 | G111: =G36 -> 0.8 | H111: =H36 -> 0.8 | ... K111: =K36 -> 1
A112: =A37 -> LESTARI SIBAGARIANG | B112: =B37 -> 0.8 | C112: =C37 -> 0.8 | D112: =D37 -> 0.8 | E112: =E37 -> 0.8 | F112: =F37 -> 0.6 | G112: =G37 -> 0.8 | H112: =H37 -> 0.8 | ... K112: =K37 -> 0.8
A113: =A38 -> JOSIA NABABAN | B113: =B38 -> 0.8 | C113: =C38 -> 0.8 | D113: =D38 -> 0.8 | E113: =E38 -> 0.8 | F113: =F38 -> 1 | G113: =G38 -> 1 | H113: =H38 -> 1 | ... K113: =K38 -> 1
A114: =A39 -> IRMA SIANIPAR | B114: =B39 -> 0.8 | C114: =C39 -> 1 | D114: =D39 -> 0.8 | E114: =E39 -> 0.8 | F114: =F39 -> 0.6 | G114: =G39 -> 0.8 | H114: =H39 -> 0.8 | ... K114: =K39 -> 1
A115: =A40 -> LAMTIUR NABABAN | B115: =B40 -> 0.8 | C115: =C40 -> 0.8 | D115: =D40 -> 0.6 | E115: =E40 -> 0.6 | F115: =F40 -> 0.8 | G115: =G40 -> 0.8 | H115: =H40 -> 0.8 | ... K115: =K40 -> 0.8
A116: =A41 -> RAHUL NABABAN | B116: =B41 -> 0.8 | C116: =C41 -> 0.6 | D116: =D41 -> 0.8 | E116: =E41 -> 0.8 | F116: =F41 -> 0.6 | G116: =G41 -> 0.8 | H116: =H41 -> 0.8 | ... K116: =K41 -> 0.8
... A127: =A52 | B127: =B52 | C127: =C52 | D127: =D52 | E127: =E52 | F127: =F52 | G127: =G52 | H127: =H52 | ... K127: =K52
A128: HASIL NORMALISASI TERBOBOT
A129: =A54 -> ALTERNATIF | B129: =B54 -> C1 | C129: =C54 -> C2 | D129: =D54 -> C3 | E129: =E54 -> C4 | F129: =F54 -> C5 | G129: =G54 -> C6 | H129: =H54 -> C7 | ... K129: =K54 -> C10 | L129: Si | M129: WSM bobot FUCOM | N129: Rank WSM bobot FUCOM
A130: =A55 -> AMANDA NABABAN | B130: =$B$104*B105 -> 0.085 | C130: =$C$104*C105 -> 0.12666667 | D130: =$D$104*D105 -> 0.12333333 | E130: =$E$104*E105 -> 0.068 | F130: =$F$104*F105 -> 0.065 | G130: =$G$104*G105 -> 0.095 | H130: =$H$104*H105 -> 0.12 | I130: =$I$104*I105 -> 0.1 | J130: =$J$104*J105 -> 0.115 | K130: =$K$104*K105 -> 0.068 | L130: =SUM(B130:K130) -> 0.966 | M130: =SUM(B130:K130) -> 0.966 | N130: =RANK(M130,$M$130:$M$149,0) -> 2
A131: =A56 -> ARNITA NABABAN | B131: =$B$104*B106 -> 0.085 | C131: =$C$104*C106 -> 0.12666667 | D131: =$D$104*D106 -> 0.098666667 | E131: =$E$104*E106 -> 0.068 | F131: =$F$104*F106 -> 0.052 | G131: =$G$104*G106 -> 0.076 | H131: =$H$104*H106 -> 0.12 | I131: =$I$104*I106 -> 0.1 | J131: =$J$104*J106 -> 0.115 | K131: =$K$104*K106 -> 0.068 | L131: =SUM(B131:K131) -> 0.90933333 | M131: =SUM(B131:K131) -> 0.90933333 | N131: =RANK(M131,$M$130:$M$149,0) -> 3
A132: =A57 -> MORES NABABAN | B132: =$B$104*B107 -> 0.068 | C132: =$C$104*C107 -> 0.12666667 | D132: =$D$104*D107 -> 0.098666667 | E132: =$E$104*E107 -> 0.085 | F132: =$F$104*F107 -> 0.052 | G132: =$G$104*G107 -> 0.076 | H132: =$H$104*H107 -> 0.12 | I132: =$I$104*I107 -> 0.075 | J132: =$J$104*J107 -> 0.115 | K132: =$K$104*K107 -> 0.068 | L132: =SUM(B132:K132) -> 0.88433333 | M132: =SUM(B132:K132) -> 0.88433333 | N132: =RANK(M132,$M$130:$M$149,0) -> 6
A133: =A58 -> SARITUA MARPAUNG | B133: =$B$104*B108 -> 0.085 | C133: =$C$104*C108 -> 0.12666667 | D133: =$D$104*D108 -> 0.12333333 | E133: =$E$104*E108 -> 0.085 | F133: =$F$104*F108 -> 0.065 | G133: =$G$104*G108 -> 0.095 | H133: =$H$104*H108 -> 0.12 | I133: =$I$104*I108 -> 0.1 | J133: =$J$104*J108 -> 0.115 | K133: =$K$104*K108 -> 0.085 | L133: =SUM(B133:K133) -> 1 | M133: =SUM(B133:K133) -> 1 | N133: =RANK(M133,$M$130:$M$149,0) -> 1
A134: =A59 -> ELSA NABABAN | B134: =$B$104*B109 -> 0.068 | C134: =$C$104*C109 -> 0.12666667 | D134: =$D$104*D109 -> 0.098666667 | E134: =$E$104*E109 -> 0.068 | F134: =$F$104*F109 -> 0.052 | G134: =$G$104*G109 -> 0.095 | H134: =$H$104*H109 -> 0.12 | I134: =$I$104*I109 -> 0.075 | J134: =$J$104*J109 -> 0.115 | K134: =$K$104*K109 -> 0.085 | L134: =SUM(B134:K134) -> 0.90333333 | M134: =SUM(B134:K134) -> 0.90333333 | N134: =RANK(M134,$M$130:$M$149,0) -> 4
A135: =A60 -> HADI SAPUTRA | B135: =$B$104*B110 -> 0.068 | C135: =$C$104*C110 -> 0.10133333 | D135: =$D$104*D110 -> 0.098666667 | E135: =$E$104*E110 -> 0.085 | F135: =$F$104*F110 -> 0.039 | G135: =$G$104*G110 -> 0.076 | H135: =$H$104*H110 -> 0.096 | I135: =$I$104*I110 -> 0.05 | J135: =$J$104*J110 -> 0.092 | K135: =$K$104*K110 -> 0.085 | L135: =SUM(B135:K135) -> 0.791 | M135: =SUM(B135:K135) -> 0.791 | N135: =RANK(M135,$M$130:$M$149,0) -> 9
A136: =A61 -> IRFAN AGUS | B136: =$B$104*B111 -> 0.068 | C136: =$C$104*C111 -> 0.10133333 | D136: =$D$104*D111 -> 0.098666667 | E136: =$E$104*E111 -> 0.085 | F136: =$F$104*F111 -> 0.052 | G136: =$G$104*G111 -> 0.076 | H136: =$H$104*H111 -> 0.096 | I136: =$I$104*I111 -> 0.075 | J136: =$J$104*J111 -> 0.115 | K136: =$K$104*K111 -> 0.085 | L136: =SUM(B136:K136) -> 0.852 | M136: =SUM(B136:K136) -> 0.852 | N136: =RANK(M136,$M$130:$M$149,0) -> 7
A137: =A62 -> LESTARI SIBAGARIANG | B137: =$B$104*B112 -> 0.068 | C137: =$C$104*C112 -> 0.10133333 | D137: =$D$104*D112 -> 0.098666667 | E137: =$E$104*E112 -> 0.068 | F137: =$F$104*F112 -> 0.039 | G137: =$G$104*G112 -> 0.076 | H137: =$H$104*H112 -> 0.096 | I137: =$I$104*I112 -> 0.05 | J137: =$J$104*J112 -> 0.092 | K137: =$K$104*K112 -> 0.068 | L137: =SUM(B137:K137) -> 0.757 | M137: =SUM(B137:K137) -> 0.757 | N137: =RANK(M137,$M$130:$M$149,0) -> 11
A138: =A63 -> JOSIA NABABAN | B138: =$B$104*B113 -> 0.068 | C138: =$C$104*C113 -> 0.10133333 | D138: =$D$104*D113 -> 0.098666667 | E138: =$E$104*E113 -> 0.068 | F138: =$F$104*F113 -> 0.065 | G138: =$G$104*G113 -> 0.095 | H138: =$H$104*H113 -> 0.12 | I138: =$I$104*I113 -> 0.1 | J138: =$J$104*J113 -> 0.092 | K138: =$K$104*K113 -> 0.085 | L138: =SUM(B138:K138) -> 0.893 | M138: =SUM(B138:K138) -> 0.893 | N138: =RANK(M138,$M$130:$M$149,0) -> 5
A139: =A64 -> IRMA SIANIPAR | B139: =$B$104*B114 -> 0.068 | C139: =$C$104*C114 -> 0.12666667 | D139: =$D$104*D114 -> 0.098666667 | E139: =$E$104*E114 -> 0.068 | F139: =$F$104*F114 -> 0.039 | G139: =$G$104*G114 -> 0.076 | H139: =$H$104*H114 -> 0.096 | I139: =$I$104*I114 -> 0.075 | J139: =$J$104*J114 -> 0.092 | K139: =$K$104*K114 -> 0.085 | L139: =SUM(B139:K139) -> 0.82433333 | M139: =SUM(B139:K139) -> 0.82433333 | N139: =RANK(M139,$M$130:$M$149,0) -> 8
A140: =A65 -> LAMTIUR NABABAN | B140: =$B$104*B115 -> 0.068 | C140: =$C$104*C115 -> 0.10133333 | D140: =$D$104*D115 -> 0.074 | E140: =$E$104*E115 -> 0.051 | F140: =$F$104*F115 -> 0.052 | G140: =$G$104*G115 -> 0.076 | H140: =$H$104*H115 -> 0.096 | I140: =$I$104*I115 -> 0.05 | J140: =$J$104*J115 -> 0.092 | K140: =$K$104*K115 -> 0.068 | L140: =SUM(B140:K140) -> 0.72833333 | M140: =SUM(B140:K140) -> 0.72833333 | N140: =RANK(M140,$M$130:$M$149,0) -> 14
A141: =A66 -> RAHUL NABABAN | B141: =$B$104*B116 -> 0.068 | C141: =$C$104*C116 -> 0.076 | D141: =$D$104*D116 -> 0.098666667 | E141: =$E$104*E116 -> 0.068 | F141: =$F$104*F116 -> 0.039 | G141: =$G$104*G116 -> 0.076 | H141: =$H$104*H116 -> 0.096 | I141: =$I$104*I116 -> 0.05 | J141: =$J$104*J116 -> 0.092 | K141: =$K$104*K116 -> 0.068 | L141: =SUM(B141:K141) -> 0.73166667 | M141: =SUM(B141:K141) -> 0.73166667 | N141: =RANK(M141,$M$130:$M$149,0) -> 13
... A149: =A74 -> JELMANRO SILITONGA | B149: =$B$104*B124 -> 0.051 | C149: =$C$104*C124 -> 0.076 | D149: =$D$104*D124 -> 0.049333333 | E149: =$E$104*E124 -> 0.051 | F149: =$F$104*F124 -> 0.039 | G149: =$G$104*G124 -> 0.057 | H149: =$H$104*H124 -> 0.072 | I149: =$I$104*I124 -> 0.05 | J149: =$J$104*J124 -> 0.069 | K149: =$K$104*K124 -> 0.051 | L149: =SUM(B149:K149) -> 0.56533333 | M149: =SUM(B149:K149) -> 0.56533333 | N149: =RANK(M149,$M$130:$M$149,0) -> 19
A150: =A75 -> AI | B150: =$B$104*B125 -> 0.085 | C150: =$C$104*C125 -> 0.12666667 | D150: =$D$104*D125 -> 0.12333333 | E150: =$E$104*E125 -> 0.085 | F150: =$F$104*F125 -> 0.065 | G150: =$G$104*G125 -> 0.095 | H150: =$H$104*H125 -> 0.12 | I150: =$I$104*I125 -> 0.1 | J150: =$J$104*J125 -> 0.115 | K150: =$K$104*K125 -> 0.085 | L150: =SUM(B150:K150) -> 1
...

Sheet FUCOM
A1: ALTERNATIF | B1: C1 | C1: C2 | D1: C3 | E1: C4 | F1: C5 | G1: C6 | H1: C7 | I1: C8 | J1: C9 | K1: C10
A2: AMANDA NABABAN | B2: 5 | C2: 5 | D2: 5 | E2: 4 | F2: 5 | G2: 5 | H2: 5 | I2: 4 | J2: 5 | K2: 4
A3: ARNITA NABABAN | B3: 5 | C3: 5 | D3: 4 | E3: 4 | F3: 4 | G3: 4 | H3: 5 | I3: 4 | J3: 5 | K3: 4
A4: MORES NABABAN | B4: 4 | C4: 5 | D4: 4 | E4: 5 | F4: 4 | G4: 4 | H4: 5 | I4: 3 | J4: 5 | K4: 4
A5: SARITUA MARPAUNG | B5: 5 | C5: 5 | D5: 5 | E5: 5 | F5: 5 | G5: 5 | H5: 5 | I5: 4 | J5: 5 | K5: 5
A6: ELSA NABABAN | B6: 4 | C6: 5 | D6: 4 | E6: 4 | F6: 4 | G6: 5 | H6: 5 | I6: 3 | J6: 5 | K6: 5
A7: HADI SAPUTRA | B7: 4 | C7: 4 | D7: 4 | E7: 5 | F7: 3 | G7: 4 | H7: 4 | I7: 2 | J7: 4 | K7: 5
A8: IRFAN AGUS | B8: 4 | C8: 4 | D8: 4 | E8: 5 | F8: 4 | G8: 4 | H8: 4 | I8: 3 | J8: 5 | K8: 5
A9: LESTARI SIBAGARIANG | B9: 4 | C9: 4 | D9: 4 | E9: 4 | F9: 3 | G9: 4 | H9: 4 | I9: 2 | J9: 4 | K9: 4
A10: JOSIA NABABAN | B10: 4 | C10: 4 | D10: 4 | E10: 4 | F10: 5 | G10: 5 | H10: 5 | I10: 4 | J10: 4 | K10: 5
A11: IRMA SIANIPAR | B11: 4 | C11: 5 | D11: 4 | E11: 4 | F11: 3 | G11: 4 | H11: 4 | I11: 3 | J11: 4 | K11: 5
A12: LAMTIUR NABABAN | B12: 4 | C12: 4 | D12: 3 | E12: 3 | F12: 4 | G12: 4 | H12: 4 | I12: 2 | J12: 4 | K12: 4
A13: RAHUL NABABAN | B13: 4 | C13: 3 | D13: 4 | E13: 4 | F13: 3 | G13: 4 | H13: 4 | I13: 2 | J13: 4 | K13: 4
... A21: JELMANRO SILITONGA | B21: 3 | C21: 3 | D21: 2 | E21: 3 | F21: 3 | G21: 3 | H21: 3 | I21: 2 | J21: 3 | K21: 3
A22: AI | B22: =MAX(B2:B21) -> 5 | C22: =MAX(C2:C21) -> 5 | D22: =MAX(D2:D21) -> 5 | E22: =MAX(E2:E21) -> 5 | F22: =MAX(F2:F21) -> 5 | G22: =MAX(G2:G21) -> 5 | H22: =MAX(H2:H21) -> 5 | I22: =MAX(I2:I21) -> 4 | ... K22: =MAX(K2:K21) -> 5
A23: AAI | B23: =min(B2:B21) -> 3 | C23: =min(C2:C21) -> 2 | D23: =min(D2:D21) -> 2 | E23: =min(E2:E21) -> 3 | F23: =min(F2:F21) -> 3 | G23: =min(G2:G21) -> 3 | H23: =min(H2:H21) -> 3 | I23: =min(I2:I21) -> 1 | ... K23: =min(K2:K21) -> 3
A26: NORMALISASI
A27: ALTERNATIF | B27: C1 | C27: C2 | D27: C3 | E27: C4 | F27: C5 | G27: C6 | H27: C7 | I27: C8 | J27: C9 | K27: C10
A28: AMANDA NABABAN | B28: =(B2-$B$23)/($B$22-$B$23) -> 1 | C28: =(C2-$C$23)/($C$22-$C$23) -> 1 | D28: =(D2-$D$23)/($D$22-$D$23) -> 1 | E28: =(E2-$E$23)/($E$22-$E$23) -> 0.5 | F28: =(F2-$F$23)/($F$22-$F$23) -> 1 | G28: =(G2-$G$23)/($G$22-$G$23) -> 1 | H28: =(H2-$H$23)/($H$22-$H$23) -> 1 | I28: =(I2-$I$23)/($I$22-$I$23) -> 1 | J28: =(J2-$J$23)/($J$22-$J$23) -> 1 | K28: =($K$22-K2)/($K$22-$K$23) -> 0.5
A29: ARNITA NABABAN | B29: =(B3-$B$23)/($B$22-$B$23) -> 1 | C29: =(C3-$C$23)/($C$22-$C$23) -> 1 | D29: =(D3-$D$23)/($D$22-$D$23) -> 0.66666667 | E29: =(E3-$E$23)/($E$22-$E$23) -> 0.5 | F29: =(F3-$F$23)/($F$22-$F$23) -> 0.5 | G29: =(G3-$G$23)/($G$22-$G$23) -> 0.5 | H29: =(H3-$H$23)/($H$22-$H$23) -> 1 | I29: =(I3-$I$23)/($I$22-$I$23) -> 1 | J29: =(J3-$J$23)/($J$22-$J$23) -> 1 | K29: =($K$22-K3)/($K$22-$K$23) -> 0.5
A30: MORES NABABAN | B30: =(B4-$B$23)/($B$22-$B$23) -> 0.5 | C30: =(C4-$C$23)/($C$22-$C$23) -> 1 | D30: =(D4-$D$23)/($D$22-$D$23) -> 0.66666667 | E30: =(E4-$E$23)/($E$22-$E$23) -> 1 | F30: =(F4-$F$23)/($F$22-$F$23) -> 0.5 | G30: =(G4-$G$23)/($G$22-$G$23) -> 0.5 | H30: =(H4-$H$23)/($H$22-$H$23) -> 1 | I30: =(I4-$I$23)/($I$22-$I$23) -> 0.66666667 | J30: =(J4-$J$23)/($J$22-$J$23) -> 1 | K30: =($K$22-K4)/($K$22-$K$23) -> 0.5
A31: SARITUA MARPAUNG | B31: =(B5-$B$23)/($B$22-$B$23) -> 1 | C31: =(C5-$C$23)/($C$22-$C$23) -> 1 | D31: =(D5-$D$23)/($D$22-$D$23) -> 1 | E31: =(E5-$E$23)/($E$22-$E$23) -> 1 | F31: =(F5-$F$23)/($F$22-$F$23) -> 1 | G31: =(G5-$G$23)/($G$22-$G$23) -> 1 | H31: =(H5-$H$23)/($H$22-$H$23) -> 1 | I31: =(I5-$I$23)/($I$22-$I$23) -> 1 | J31: =(J5-$J$23)/($J$22-$J$23) -> 1 | K31: =($K$22-K5)/($K$22-$K$23) -> 0
A32: ELSA NABABAN | B32: =(B6-$B$23)/($B$22-$B$23) -> 0.5 | C32: =(C6-$C$23)/($C$22-$C$23) -> 1 | D32: =(D6-$D$23)/($D$22-$D$23) -> 0.66666667 | E32: =(E6-$E$23)/($E$22-$E$23) -> 0.5 | F32: =(F6-$F$23)/($F$22-$F$23) -> 0.5 | G32: =(G6-$G$23)/($G$22-$G$23) -> 1 | H32: =(H6-$H$23)/($H$22-$H$23) -> 1 | I32: =(I6-$I$23)/($I$22-$I$23) -> 0.66666667 | J32: =(J6-$J$23)/($J$22-$J$23) -> 1 | K32: =($K$22-K6)/($K$22-$K$23) -> 0
A33: HADI SAPUTRA | B33: =(B7-$B$23)/($B$22-$B$23) -> 0.5 | C33: =(C7-$C$23)/($C$22-$C$23) -> 0.66666667 | D33: =(D7-$D$23)/($D$22-$D$23) -> 0.66666667 | E33: =(E7-$E$23)/($E$22-$E$23) -> 1 | F33: =(F7-$F$23)/($F$22-$F$23) -> 0 | G33: =(G7-$G$23)/($G$22-$G$23) -> 0.5 | H33: =(H7-$H$23)/($H$22-$H$23) -> 0.5 | I33: =(I7-$I$23)/($I$22-$I$23) -> 0.33333333 | J33: =(J7-$J$23)/($J$22-$J$23) -> 0.5 | K33: =($K$22-K7)/($K$22-$K$23) -> 0
A34: IRFAN AGUS | B34: =(B8-$B$23)/($B$22-$B$23) -> 0.5 | C34: =(C8-$C$23)/($C$22-$C$23) -> 0.66666667 | D34: =(D8-$D$23)/($D$22-$D$23) -> 0.66666667 | E34: =(E8-$E$23)/($E$22-$E$23) -> 1 | F34: =(F8-$F$23)/($F$22-$F$23) -> 0.5 | G34: =(G8-$G$23)/($G$22-$G$23) -> 0.5 | H34: =(H8-$H$23)/($H$22-$H$23) -> 0.5 | I34: =(I8-$I$23)/($I$22-$I$23) -> 0.66666667 | J34: =(J8-$J$23)/($J$22-$J$23) -> 1 | K34: =($K$22-K8)/($K$22-$K$23) -> 0
A35: LESTARI SIBAGARIANG | B35: =(B9-$B$23)/($B$22-$B$23) -> 0.5 | C35: =(C9-$C$23)/($C$22-$C$23) -> 0.66666667 | D35: =(D9-$D$23)/($D$22-$D$23) -> 0.66666667 | E35: =(E9-$E$23)/($E$22-$E$23) -> 0.5 | F35: =(F9-$F$23)/($F$22-$F$23) -> 0 | G35: =(G9-$G$23)/($G$22-$G$23) -> 0.5 | H35: =(H9-$H$23)/($H$22-$H$23) -> 0.5 | I35: =(I9-$I$23)/($I$22-$I$23) -> 0.33333333 | J35: =(J9-$J$23)/($J$22-$J$23) -> 0.5 | K35: =($K$22-K9)/($K$22-$K$23) -> 0.5
A36: JOSIA NABABAN | B36: =(B10-$B$23)/($B$22-$B$23) -> 0.5 | C36: =(C10-$C$23)/($C$22-$C$23) -> 0.66666667 | D36: =(D10-$D$23)/($D$22-$D$23) -> 0.66666667 | E36: =(E10-$E$23)/($E$22-$E$23) -> 0.5 | F36: =(F10-$F$23)/($F$22-$F$23) -> 1 | G36: =(G10-$G$23)/($G$22-$G$23) -> 1 | H36: =(H10-$H$23)/($H$22-$H$23) -> 1 | I36: =(I10-$I$23)/($I$22-$I$23) -> 1 | J36: =(J10-$J$23)/($J$22-$J$23) -> 0.5 | K36: =($K$22-K10)/($K$22-$K$23) -> 0
A37: IRMA SIANIPAR | B37: =(B11-$B$23)/($B$22-$B$23) -> 0.5 | C37: =(C11-$C$23)/($C$22-$C$23) -> 1 | D37: =(D11-$D$23)/($D$22-$D$23) -> 0.66666667 | E37: =(E11-$E$23)/($E$22-$E$23) -> 0.5 | F37: =(F11-$F$23)/($F$22-$F$23) -> 0 | G37: =(G11-$G$23)/($G$22-$G$23) -> 0.5 | H37: =(H11-$H$23)/($H$22-$H$23) -> 0.5 | I37: =(I11-$I$23)/($I$22-$I$23) -> 0.66666667 | J37: =(J11-$J$23)/($J$22-$J$23) -> 0.5 | K37: =($K$22-K11)/($K$22-$K$23) -> 0
A38: LAMTIUR NABABAN | B38: =(B12-$B$23)/($B$22-$B$23) -> 0.5 | C38: =(C12-$C$23)/($C$22-$C$23) -> 0.66666667 | D38: =(D12-$D$23)/($D$22-$D$23) -> 0.33333333 | E38: =(E12-$E$23)/($E$22-$E$23) -> 0 | F38: =(F12-$F$23)/($F$22-$F$23) -> 0.5 | G38: =(G12-$G$23)/($G$22-$G$23) -> 0.5 | H38: =(H12-$H$23)/($H$22-$H$23) -> 0.5 | I38: =(I12-$I$23)/($I$22-$I$23) -> 0.33333333 | J38: =(J12-$J$23)/($J$22-$J$23) -> 0.5 | K38: =($K$22-K12)/($K$22-$K$23) -> 0.5
A39: RAHUL NABABAN | B39: =(B13-$B$23)/($B$22-$B$23) -> 0.5 | C39: =(C13-$C$23)/($C$22-$C$23) -> 0.33333333 | D39: =(D13-$D$23)/($D$22-$D$23) -> 0.66666667 | E39: =(E13-$E$23)/($E$22-$E$23) -> 0.5 | F39: =(F13-$F$23)/($F$22-$F$23) -> 0 | G39: =(G13-$G$23)/($G$22-$G$23) -> 0.5 | H39: =(H13-$H$23)/($H$22-$H$23) -> 0.5 | I39: =(I13-$I$23)/($I$22-$I$23) -> 0.33333333 | J39: =(J13-$J$23)/($J$22-$J$23) -> 0.5 | K39: =($K$22-K13)/($K$22-$K$23) -> 0.5
... A47: JELMANRO SILITONGA | B47: =(B21-$B$23)/($B$22-$B$23) -> 0 | C47: =(C21-$C$23)/($C$22-$C$23) -> 0.33333333 | D47: =(D21-$D$23)/($D$22-$D$23) -> 0 | E47: =(E21-$E$23)/($E$22-$E$23) -> 0 | F47: =(F21-$F$23)/($F$22-$F$23) -> 0 | G47: =(G21-$G$23)/($G$22-$G$23) -> 0 | H47: =(H21-$H$23)/($H$22-$H$23) -> 0 | I47: =(I21-$I$23)/($I$22-$I$23) -> 0.33333333 | J47: =(J21-$J$23)/($J$22-$J$23) -> 0 | K47: =($K$22-K21)/($K$22-$K$23) -> 1
A48: NILAI AGREGAT | B48: =SUM(B28:B47) -> 8.5 | C48: =SUM(C28:C47) -> 12.666667 | D48: =SUM(D28:D47) -> 12.333333 | E48: =SUM(E28:E47) -> 8.5 | F48: =SUM(F28:F47) -> 6.5 | G48: =SUM(G28:G47) -> 9.5 | H48: =SUM(H28:H47) -> 12 | I48: =SUM(I28:I47) -> 10 | ... K48: =SUM(K28:K47) -> 8.5
A50: URUTAN PRIORITAS
A51: KRITERIA | B51: NILAI AGREGAT | C51: HASIL URUTAN DARI TERBESAR KE TERKECIL
A52: C1 | B52: =B48 -> 8.5 | C52: {=SORT(A52:A61,B52:B61,0)} -> C2 | D52: 1
A53: C2 | B53: =C48 -> 12.666667 | C53: C3 | D53: 2
A54: C3 | B54: =D48 -> 12.333333 | C54: C7 | D54: 3
A55: C4 | B55: =E48 -> 8.5 | C55: C9 | D55: 4
A56: C5 | B56: =F48 -> 6.5 | C56: C8 | D56: 5
A57: C6 | B57: =G48 -> 9.5 | C57: C6 | D57: 6
A58: C7 | B58: =H48 -> 12 | C58: C1 | D58: 7
A59: C8 | B59: =I48 -> 10 | C59: C4 | D59: 8
A60: C9 | B60: =J48 -> 11.5 | C60: C10 | D60: 9
A61: C10 | B61: =K48 -> 8.5 | C61: C5 | D61: 10 | E61: TERKECIL
A63: RASIO PRIORITAS KOMPARATIF
A64: 𝜑1 | B64: =B53/B54 -> 1.027027 | C64: C2/C3 | D64: =CONCATENATE("w",MID(C64,FIND("/",C64) - 2 + 1,FIND("/",C64) - (FIND("/",C64) - 2)),"w",RIGHT(C64,LEN(C64) - (FIND("/",C64) + 1))) -> w2/w3
A65: 𝜑2 | B65: =B54/B58 -> 1.0277778 | C65: C3/C7 | D65: =CONCATENATE("w",MID(C65,FIND("/",C65) - 2 + 1,FIND("/",C65) - (FIND("/",C65) - 2)),"w",RIGHT(C65,LEN(C65) - (FIND("/",C65) + 1))) -> w3/w7
A66: 𝜑3 | B66: =B58/B60 -> 1.0434783 | C66: C7/C9 | D66: =CONCATENATE("w",MID(C66,FIND("/",C66) - 2 + 1,FIND("/",C66) - (FIND("/",C66) - 2)),"w",RIGHT(C66,LEN(C66) - (FIND("/",C66) + 1))) -> w7/w9
A67: 𝜑4 | B67: =B60/B59 -> 1.15 | C67: C9/C8 | D67: =CONCATENATE("w",MID(C67,FIND("/",C67) - 2 + 1,FIND("/",C67) - (FIND("/",C67) - 2)),"w",RIGHT(C67,LEN(C67) - (FIND("/",C67) + 1))) -> w9/w8
A68: 𝜑5 | B68: =B59/B57 -> 1.0526316 | C68: C8/C6 | D68: =CONCATENATE("w",MID(C68,FIND("/",C68) - 2 + 1,FIND("/",C68) - (FIND("/",C68) - 2)),"w",RIGHT(C68,LEN(C68) - (FIND("/",C68) + 1))) -> w8/w6
A69: 𝜑6 | B69: =B57/B52 -> 1.1176471 | C69: C6/C1 | D69: =CONCATENATE("w",MID(C69,FIND("/",C69) - 2 + 1,FIND("/",C69) - (FIND("/",C69) - 2)),"w",RIGHT(C69,LEN(C69) - (FIND("/",C69) + 1))) -> w6/w1
A70: 𝜑7 | B70: =B52/B55 -> 1 | C70: C1/C4 | D70: =CONCATENATE("w",MID(C70,FIND("/",C70) - 2 + 1,FIND("/",C70) - (FIND("/",C70) - 2)),"w",RIGHT(C70,LEN(C70) - (FIND("/",C70) + 1))) -> w1/w4
A71: 𝜑8 | B71: =B55/B61 -> 1 | C71: C4/C10 | D71: =CONCATENATE("w",MID(C71,FIND("/",C71) - 2 + 1,FIND("/",C71) - (FIND("/",C71) - 2)),"w",RIGHT(C71,LEN(C71) - (FIND("/",C71) + 1))) -> w4/w10
A72: 𝜑9 | B72: =B61/B56 -> 1.3076923 | C72: C10/C5 | D72: w10/w5
A74: MENGHITUNG BOBOT KONSISTEN DAN NORMALISASI
A75: DIHITUNG MULAI DARI KRITERIA TERAKHIR SEBAGAI BASIS W10 = 1
A76: W10 | B76: 1
A77: W9 | B77: =B72*B76 -> 1.3076923 | C77: 𝜑9*W10
A78: W8 | B78: =B71*B77 -> 1.3076923 | C78: 𝜑8*W9
A79: W7 | B79: =B70*B78 -> 1.3076923 | C79: 𝜑7*W8
A80: W6 | B80: =B69*B79 -> 1.4615385 | C80: 𝜑6*W7
A81: W5 | B81: =B68*B80 -> 1.5384615 | C81: 𝜑5*W6
A82: W4 | B82: =B67*B81 -> 1.7692308 | C82: 𝜑4*W5
A83: W3 | B83: =B66*B82 -> 1.8461538 | C83: 𝜑3*W4
A84: W2 | B84: =B65*B83 -> 1.8974359 | C84: 𝜑2*W3
A85: W1 | B85: =B64*B84 -> 1.9487179 | C85: 𝜑1*W2
A86: ∑𝑤𝑗 | B86: =SUM(B76:B85) -> 15.384615 | C86: JUMLAH Wj
A88: Untuk memperoleh bobot akhir yang dapat digunakan pada tahap selanjutnya, seluruh bobot kemudian dinormalisasi sehingga total bobot bernilai satu. | K88: BOBOT TIAP KRITERIA
A89: W1 norm | B89: =B85/$B$86 -> 0.12666667 | C89: =CONCATENATE(LEFT(A89,FIND(" ",A89) - 1),"/",LEFT(A89,FIND(" ",A89) - 2),"j") -> W1/Wj | D89: =C52 -> C2 | K89: C1 | L89: =B95 -> 0.085
A90: W2 norm | B90: =B84/$B$86 -> 0.12333333 | C90: =CONCATENATE(LEFT(A90,FIND(" ",A90) - 1),"/",LEFT(A90,FIND(" ",A90) - 2),"j") -> W2/Wj | D90: =C53 -> C3 | K90: C2 | L90: =B89 -> 0.12666667
A91: W3 norm | B91: =B83/$B$86 -> 0.12 | C91: =CONCATENATE(LEFT(A91,FIND(" ",A91) - 1),"/",LEFT(A91,FIND(" ",A91) - 2),"j") -> W3/Wj | D91: =C54 -> C7 | K91: C3 | L91: =B90 -> 0.12333333
A92: W4 norm | B92: =B82/$B$86 -> 0.115 | C92: =CONCATENATE(LEFT(A92,FIND(" ",A92) - 1),"/",LEFT(A92,FIND(" ",A92) - 2),"j") -> W4/Wj | D92: =C55 -> C9 | K92: C4 | L92: =B96 -> 0.085
A93: W5 norm | B93: =B81/$B$86 -> 0.1 | C93: =CONCATENATE(LEFT(A93,FIND(" ",A93) - 1),"/",LEFT(A93,FIND(" ",A93) - 2),"j") -> W5/Wj | D93: =C56 -> C8 | K93: C5 | L93: =B98 -> 0.065
A94: W6 norm | B94: =B80/$B$86 -> 0.095 | C94: =CONCATENATE(LEFT(A94,FIND(" ",A94) - 1),"/",LEFT(A94,FIND(" ",A94) - 2),"j") -> W6/Wj | D94: =C57 -> C6 | K94: C6 | L94: =B94 -> 0.095
A95: W7 norm | B95: =B79/$B$86 -> 0.085 | C95: =CONCATENATE(LEFT(A95,FIND(" ",A95) - 1),"/",LEFT(A95,FIND(" ",A95) - 2),"j") -> W7/Wj | D95: =C58 -> C1 | K95: C7 | L95: =B91 -> 0.12
A96: W8 norm | B96: =B78/$B$86 -> 0.085 | C96: =CONCATENATE(LEFT(A96,FIND(" ",A96) - 1),"/",LEFT(A96,FIND(" ",A96) - 2),"j") -> W8/Wj | D96: =C59 -> C4 | K96: C8 | L96: =B93 -> 0.1
A97: W9 norm | B97: =B77/$B$86 -> 0.085 | C97: =CONCATENATE(LEFT(A97,FIND(" ",A97) - 1),"/",LEFT(A97,FIND(" ",A97) - 2),"j") -> W9/Wj | D97: =C60 -> C10 | K97: C9 | L97: =B92 -> 0.115
A98: W10 norm | B98: =B76/$B$86 -> 0.065 | C98: W10/Wj | D98: =C61 -> C5 | K98: C10 | L98: =B97 -> 0.085
A99: JUMLAH BOBOT | B99: =SUM(B89:B98) -> 1
A102: 1. Menentukan urutan prioritas kriteria
A103: dinormalisasikan untuk menghilangkan perbedaan satuan antar-kriteria
A104: untuk kriteria benefit | C104: Xi norm = (Xi - Xmin) / (Xmax - Xmin)
A105: untuk kriteria cost | C105: Xi norm = (Xmax - Xi) / (Xmax - Xmin)
A106: Xi = nilai asli dari alternatif ke - i
A107: Xmin = nilai minimum dari seluruh alternatif pada kriteria tersebut
A108: Xmax = nilai maksimum dari seluruh alternatif pada kriteria tersebut
A109: Hasil normalisasi kemudian digunakan untuk merepresentasikan kontribusi relatif masing-masing kriteria. Nilai agregat dari hasil normalisasi ini dijadikan sebagai dasar penentuan tingkat kepentingan kriteria. Penentuan urutan prioritas kriteria dalam penelitian ini didasarkan pada nilai agregat hasil normalisasi data. Pendekatanini mengasumsikan bahwa kriteria dengan nilai agregat normalisasi yang lebih tinggi memiliki kontribusi diskriminatif yang lebih besar
A110: 2. Menetapkan nilai rasio prioritas komparatif antar kriteria yang berurutan
A111: Φ=(𝜑1,𝜑2,⋯,𝜑𝑛−1)
A112: Φ= himpunan semua rasio prioritas komparatif
A113: Nilai𝜑𝑘(phi)mencerminkan tingkat perbandingan kepentingan antara dua kriteria yang berurutan dan dihitung sebagai rasio tingkat kepentingan kriteria
A114: 𝜑𝑘 = Kepentingan Cj(k) / Kepentingan Cj(k+1)
A115: 𝜑𝑘= rasio prioritas kriteria ke-k terhadap kriteria ke-k+1
A116: 3. Menghitung bobot konsisten dan normalisasi
A117: Bobot relatif antar-kriteria dihitung berdasarkan rasio prioritas komparatif menggunakan Persamaan
... A125: n = jumlah seluruh kriteria

Sheet VIKOR
A1: ALTERNATIF | B1: C1 | C1: C2 | D1: C3 | E1: C4 | F1: C5 | G1: C6 | H1: C7 | I1: C8 | J1: C9 | K1: C10 | M1: Bobot FUCOM
A2: AMANDA NABABAN | B2: 5 | C2: 5 | D2: 5 | E2: 4 | F2: 5 | G2: 5 | H2: 5 | I2: 4 | J2: 5 | K2: 4 | M2: C1 | N2: =FUCOM!L89 -> 0.085
A3: ARNITA NABABAN | B3: 5 | C3: 5 | D3: 4 | E3: 4 | F3: 4 | G3: 4 | H3: 5 | I3: 4 | J3: 5 | K3: 4 | M3: C2 | N3: =FUCOM!L90 -> 0.12666667
A4: MORES NABABAN | B4: 4 | C4: 5 | D4: 4 | E4: 5 | F4: 4 | G4: 4 | H4: 5 | I4: 3 | J4: 5 | K4: 4 | M4: C3 | N4: =FUCOM!L91 -> 0.12333333
A5: SARITUA MARPAUNG | B5: 5 | C5: 5 | D5: 5 | E5: 5 | F5: 5 | G5: 5 | H5: 5 | I5: 4 | J5: 5 | K5: 5 | M5: C4 | N5: =FUCOM!L92 -> 0.085
A6: ELSA NABABAN | B6: 4 | C6: 5 | D6: 4 | E6: 4 | F6: 4 | G6: 5 | H6: 5 | I6: 3 | J6: 5 | K6: 5 | M6: C5 | N6: =FUCOM!L93 -> 0.065
A7: HADI SAPUTRA | B7: 4 | C7: 4 | D7: 4 | E7: 5 | F7: 3 | G7: 4 | H7: 4 | I7: 2 | J7: 4 | K7: 5 | M7: C6 | N7: =FUCOM!L94 -> 0.095
A8: IRFAN AGUS | B8: 4 | C8: 4 | D8: 4 | E8: 5 | F8: 4 | G8: 4 | H8: 4 | I8: 3 | J8: 5 | K8: 5 | M8: C7 | N8: =FUCOM!L95 -> 0.12
A9: LESTARI SIBAGARIANG | B9: 4 | C9: 4 | D9: 4 | E9: 4 | F9: 3 | G9: 4 | H9: 4 | I9: 2 | J9: 4 | K9: 4 | M9: C8 | N9: =FUCOM!L96 -> 0.1
A10: JOSIA NABABAN | B10: 4 | C10: 4 | D10: 4 | E10: 4 | F10: 5 | G10: 5 | H10: 5 | I10: 4 | J10: 4 | K10: 5 | M10: C9 | N10: =FUCOM!L97 -> 0.115
A11: IRMA SIANIPAR | B11: 4 | C11: 5 | D11: 4 | E11: 4 | F11: 3 | G11: 4 | H11: 4 | I11: 3 | J11: 4 | K11: 5 | M11: C10 | N11: =FUCOM!L98 -> 0.085
A12: LAMTIUR NABABAN | B12: 4 | C12: 4 | D12: 3 | E12: 3 | F12: 4 | G12: 4 | H12: 4 | I12: 2 | J12: 4 | K12: 4 | M12: Jumlah | N12: =SUM(N2:N11) -> 1
A13: RAHUL NABABAN | B13: 4 | C13: 3 | D13: 4 | E13: 4 | F13: 3 | G13: 4 | H13: 4 | I13: 2 | J13: 4 | K13: 4
A14: HOSIANA NABABAN | B14: 4 | C14: 4 | D14: 4 | E14: 3 | F14: 3 | G14: 3 | H14: 4 | I14: 2 | J14: 5 | K14: 4
A15: ESTER NABABAN | B15: 4 | C15: 3 | D15: 4 | E15: 4 | F15: 3 | G15: 4 | H15: 4 | I15: 2 | J15: 4 | K15: 3
A16: ANWAR NABABAN | B16: 3 | C16: 3 | D16: 3 | E16: 3 | F16: 4 | G16: 4 | H16: 4 | I16: 1 | J16: 3 | K16: 4
A17: MORISCA SIBAGARIANG | B17: 3 | C17: 3 | D17: 4 | E17: 3 | F17: 3 | G17: 3 | H17: 4 | I17: 1 | J17: 4 | K17: 4
A18: ELFRIDA SITINJAK | B18: 3 | C18: 4 | D18: 4 | E18: 4 | F18: 3 | G18: 3 | H18: 4 | I18: 3 | J18: 4 | K18: 5
A19: CREDO NABABAN | B19: 3 | C19: 3 | D19: 4 | E19: 3 | F19: 4 | G19: 3 | H19: 4 | I19: 2 | J19: 3 | K19: 3
A20: SERDI SILITONGA | B20: 3 | C20: 2 | D20: 3 | E20: 3 | F20: 3 | G20: 4 | H20: 3 | I20: 1 | J20: 3 | K20: 3
A21: JELMANRO SILITONGA | B21: 3 | C21: 3 | D21: 2 | E21: 3 | F21: 3 | G21: 3 | H21: 3 | I21: 2 | J21: 3 | K21: 3
A22: AI | B22: =MAX(B2:B21) -> 5 | C22: =MAX(C2:C21) -> 5 | D22: =MAX(D2:D21) -> 5 | E22: =MAX(E2:E21) -> 5 | F22: =MAX(F2:F21) -> 5 | G22: =MAX(G2:G21) -> 5 | H22: =MAX(H2:H21) -> 5 | I22: =MAX(I2:I21) -> 4 | ... K22: =MAX(K2:K21) -> 5
A23: AAI | B23: =min(B2:B21) -> 3 | C23: =min(C2:C21) -> 2 | D23: =min(D2:D21) -> 2 | E23: =min(E2:E21) -> 3 | F23: =min(F2:F21) -> 3 | G23: =min(G2:G21) -> 3 | H23: =min(H2:H21) -> 3 | I23: =min(I2:I21) -> 1 | ... K23: =min(K2:K21) -> 3
A25: NORMALISASI
A26: ALTERNATIF | B26: C1 | C26: C2 | D26: C3 | E26: C4 | F26: C5 | G26: C6 | H26: C7 | I26: C8 | J26: C9 | K26: C10
A27: AMANDA NABABAN | B27: =($B$22-B2)/($B$22-$B$23) -> 0 | C27: =($C$22-C2)/($C$22-$C$23) -> 0 | D27: =($D$22-D2)/($D$22-$D$23) -> 0 | E27: =($E$22-E2)/($E$22-$E$23) -> 0.5 | F27: =($F$22-F2)/($F$22-$F$23) -> 0 | G27: =($G$22-G2)/($G$22-$G$23) -> 0 | H27: =($H$22-H2)/($H$22-$H$23) -> 0 | I27: =($I$22-I2)/($I$22-$I$23) -> 0 | J27: =($J$22-J2)/($J$22-$J$23) -> 0 | K27: =($K$22-K2)/($K$22-$K$23) -> 0.5
A28: ARNITA NABABAN | B28: =($B$22-B3)/($B$22-$B$23) -> 0 | C28: =($C$22-C3)/($C$22-$C$23) -> 0 | D28: =($D$22-D3)/($D$22-$D$23) -> 0.33333333 | E28: =($E$22-E3)/($E$22-$E$23) -> 0.5 | F28: =($F$22-F3)/($F$22-$F$23) -> 0.5 | G28: =($G$22-G3)/($G$22-$G$23) -> 0.5 | H28: =($H$22-H3)/($H$22-$H$23) -> 0 | I28: =($I$22-I3)/($I$22-$I$23) -> 0 | J28: =($J$22-J3)/($J$22-$J$23) -> 0 | K28: =($K$22-K3)/($K$22-$K$23) -> 0.5
A29: MORES NABABAN | B29: =($B$22-B4)/($B$22-$B$23) -> 0.5 | C29: =($C$22-C4)/($C$22-$C$23) -> 0 | D29: =($D$22-D4)/($D$22-$D$23) -> 0.33333333 | E29: =($E$22-E4)/($E$22-$E$23) -> 0 | F29: =($F$22-F4)/($F$22-$F$23) -> 0.5 | G29: =($G$22-G4)/($G$22-$G$23) -> 0.5 | H29: =($H$22-H4)/($H$22-$H$23) -> 0 | I29: =($I$22-I4)/($I$22-$I$23) -> 0.33333333 | J29: =($J$22-J4)/($J$22-$J$23) -> 0 | K29: =($K$22-K4)/($K$22-$K$23) -> 0.5
A30: SARITUA MARPAUNG | B30: =($B$22-B5)/($B$22-$B$23) -> 0 | C30: =($C$22-C5)/($C$22-$C$23) -> 0 | D30: =($D$22-D5)/($D$22-$D$23) -> 0 | E30: =($E$22-E5)/($E$22-$E$23) -> 0 | F30: =($F$22-F5)/($F$22-$F$23) -> 0 | G30: =($G$22-G5)/($G$22-$G$23) -> 0 | H30: =($H$22-H5)/($H$22-$H$23) -> 0 | I30: =($I$22-I5)/($I$22-$I$23) -> 0 | J30: =($J$22-J5)/($J$22-$J$23) -> 0 | K30: =($K$22-K5)/($K$22-$K$23) -> 0
A31: ELSA NABABAN | B31: =($B$22-B6)/($B$22-$B$23) -> 0.5 | C31: =($C$22-C6)/($C$22-$C$23) -> 0 | D31: =($D$22-D6)/($D$22-$D$23) -> 0.33333333 | E31: =($E$22-E6)/($E$22-$E$23) -> 0.5 | F31: =($F$22-F6)/($F$22-$F$23) -> 0.5 | G31: =($G$22-G6)/($G$22-$G$23) -> 0 | H31: =($H$22-H6)/($H$22-$H$23) -> 0 | I31: =($I$22-I6)/($I$22-$I$23) -> 0.33333333 | J31: =($J$22-J6)/($J$22-$J$23) -> 0 | K31: =($K$22-K6)/($K$22-$K$23) -> 0
A32: HADI SAPUTRA | B32: =($B$22-B7)/($B$22-$B$23) -> 0.5 | C32: =($C$22-C7)/($C$22-$C$23) -> 0.33333333 | D32: =($D$22-D7)/($D$22-$D$23) -> 0.33333333 | E32: =($E$22-E7)/($E$22-$E$23) -> 0 | F32: =($F$22-F7)/($F$22-$F$23) -> 1 | G32: =($G$22-G7)/($G$22-$G$23) -> 0.5 | H32: =($H$22-H7)/($H$22-$H$23) -> 0.5 | I32: =($I$22-I7)/($I$22-$I$23) -> 0.66666667 | J32: =($J$22-J7)/($J$22-$J$23) -> 0.5 | K32: =($K$22-K7)/($K$22-$K$23) -> 0
A33: IRFAN AGUS | B33: =($B$22-B8)/($B$22-$B$23) -> 0.5 | C33: =($C$22-C8)/($C$22-$C$23) -> 0.33333333 | D33: =($D$22-D8)/($D$22-$D$23) -> 0.33333333 | E33: =($E$22-E8)/($E$22-$E$23) -> 0 | F33: =($F$22-F8)/($F$22-$F$23) -> 0.5 | G33: =($G$22-G8)/($G$22-$G$23) -> 0.5 | H33: =($H$22-H8)/($H$22-$H$23) -> 0.5 | I33: =($I$22-I8)/($I$22-$I$23) -> 0.33333333 | J33: =($J$22-J8)/($J$22-$J$23) -> 0 | K33: =($K$22-K8)/($K$22-$K$23) -> 0
A34: LESTARI SIBAGARIANG | B34: =($B$22-B9)/($B$22-$B$23) -> 0.5 | C34: =($C$22-C9)/($C$22-$C$23) -> 0.33333333 | D34: =($D$22-D9)/($D$22-$D$23) -> 0.33333333 | E34: =($E$22-E9)/($E$22-$E$23) -> 0.5 | F34: =($F$22-F9)/($F$22-$F$23) -> 1 | G34: =($G$22-G9)/($G$22-$G$23) -> 0.5 | H34: =($H$22-H9)/($H$22-$H$23) -> 0.5 | I34: =($I$22-I9)/($I$22-$I$23) -> 0.66666667 | J34: =($J$22-J9)/($J$22-$J$23) -> 0.5 | K34: =($K$22-K9)/($K$22-$K$23) -> 0.5
A35: JOSIA NABABAN | B35: =($B$22-B10)/($B$22-$B$23) -> 0.5 | C35: =($C$22-C10)/($C$22-$C$23) -> 0.33333333 | D35: =($D$22-D10)/($D$22-$D$23) -> 0.33333333 | E35: =($E$22-E10)/($E$22-$E$23) -> 0.5 | F35: =($F$22-F10)/($F$22-$F$23) -> 0 | G35: =($G$22-G10)/($G$22-$G$23) -> 0 | H35: =($H$22-H10)/($H$22-$H$23) -> 0 | I35: =($I$22-I10)/($I$22-$I$23) -> 0 | J35: =($J$22-J10)/($J$22-$J$23) -> 0.5 | K35: =($K$22-K10)/($K$22-$K$23) -> 0
A36: IRMA SIANIPAR | B36: =($B$22-B11)/($B$22-$B$23) -> 0.5 | C36: =($C$22-C11)/($C$22-$C$23) -> 0 | D36: =($D$22-D11)/($D$22-$D$23) -> 0.33333333 | E36: =($E$22-E11)/($E$22-$E$23) -> 0.5 | F36: =($F$22-F11)/($F$22-$F$23) -> 1 | G36: =($G$22-G11)/($G$22-$G$23) -> 0.5 | H36: =($H$22-H11)/($H$22-$H$23) -> 0.5 | I36: =($I$22-I11)/($I$22-$I$23) -> 0.33333333 | J36: =($J$22-J11)/($J$22-$J$23) -> 0.5 | K36: =($K$22-K11)/($K$22-$K$23) -> 0
A37: LAMTIUR NABABAN | B37: =($B$22-B12)/($B$22-$B$23) -> 0.5 | C37: =($C$22-C12)/($C$22-$C$23) -> 0.33333333 | D37: =($D$22-D12)/($D$22-$D$23) -> 0.66666667 | E37: =($E$22-E12)/($E$22-$E$23) -> 1 | F37: =($F$22-F12)/($F$22-$F$23) -> 0.5 | G37: =($G$22-G12)/($G$22-$G$23) -> 0.5 | H37: =($H$22-H12)/($H$22-$H$23) -> 0.5 | I37: =($I$22-I12)/($I$22-$I$23) -> 0.66666667 | J37: =($J$22-J12)/($J$22-$J$23) -> 0.5 | K37: =($K$22-K12)/($K$22-$K$23) -> 0.5
A38: RAHUL NABABAN | B38: =($B$22-B13)/($B$22-$B$23) -> 0.5 | C38: =($C$22-C13)/($C$22-$C$23) -> 0.66666667 | D38: =($D$22-D13)/($D$22-$D$23) -> 0.33333333 | E38: =($E$22-E13)/($E$22-$E$23) -> 0.5 | F38: =($F$22-F13)/($F$22-$F$23) -> 1 | G38: =($G$22-G13)/($G$22-$G$23) -> 0.5 | H38: =($H$22-H13)/($H$22-$H$23) -> 0.5 | I38: =($I$22-I13)/($I$22-$I$23) -> 0.66666667 | J38: =($J$22-J13)/($J$22-$J$23) -> 0.5 | K38: =($K$22-K13)/($K$22-$K$23) -> 0.5
... A46: JELMANRO SILITONGA | B46: =($B$22-B21)/($B$22-$B$23) -> 1 | C46: =($C$22-C21)/($C$22-$C$23) -> 0.66666667 | D46: =($D$22-D21)/($D$22-$D$23) -> 1 | E46: =($E$22-E21)/($E$22-$E$23) -> 1 | F46: =($F$22-F21)/($F$22-$F$23) -> 1 | G46: =($G$22-G21)/($G$22-$G$23) -> 1 | H46: =($H$22-H21)/($H$22-$H$23) -> 1 | I46: =($I$22-I21)/($I$22-$I$23) -> 0.66666667 | J46: =($J$22-J21)/($J$22-$J$23) -> 1 | K46: =($K$22-K21)/($K$22-$K$23) -> 1
A48: MENGHITUNG NILAI S & R & Q
A49: ALTERNATIF | B49: S | C49: R | D49: Q | E49: S (HASILNY SAMA KOK) | F49: S- | G49: S+ | H49: R- | I49: R+ | J49: V | K49: RANKING NAME
A50: AMANDA NABABAN | B50: =SUMPRODUCT(B27:K27 , TRANSPOSE($N$2:$N$11)) -> 0.085 | C50: =MAX(B27*$N$2,C27*$N$3,D27*$N$4,E27*$N$5,F27*$N$6,G27*$N$7,H27*$N$8,I27*$N$9,J27*$N$10,K27*$N$11) -> 0.0425 | D50: =(((B50-$F$50)/($G$50-$F$50))*$J$50) + (((C50-$H$50)/($I$50-$H$50))*(1-$J$50)) -> 0.21373672 | E50: =(B27*$N$2)+($N$3*C27)+(D27*$N$4)+($N$5*E27)+(F27*$N$6)+($N$7*G27)+(H27*$N$8)+($N$9*I27)+(J27*$N$10)+($N$11*K27) -> 0.085 | F50: =MIN(B50:B69) -> 0 | G50: =max(B50:B69) -> 0.92444444 | H50: =MIN(C50:C69) -> 0 | I50: =MAX(C50:C69) -> 0.12666667 | J50: 0.5 | K50: {=SORT(A50:A69,D50:D69,1)} -> SARITUA MARPAUNG
A51: ARNITA NABABAN | B51: =SUMPRODUCT(B28:K28 , TRANSPOSE($N$2:$N$11)) -> 0.20611111 | C51: =MAX(B28*$N$2,C28*$N$3,D28*$N$4,E28*$N$5,F28*$N$6,G28*$N$7,H28*$N$8,I28*$N$9,J28*$N$10,K28*$N$11) -> 0.0475 | D51: =(((B51-$F$50)/($G$50-$F$50))*$J$50) + (((C51-$H$50)/($I$50-$H$50))*(1-$J$50)) -> 0.29897837 | E51: =(B28*$N$2)+($N$3*C28)+(D28*$N$4)+($N$5*E28)+(F28*$N$6)+($N$7*G28)+(H28*$N$8)+($N$9*I28)+(J28*$N$10)+($N$11*K28) -> 0.20611111 | K51: AMANDA NABABAN
A52: MORES NABABAN | B52: =SUMPRODUCT(B29:K29 , TRANSPOSE($N$2:$N$11)) -> 0.23944444 | C52: =MAX(B29*$N$2,C29*$N$3,D29*$N$4,E29*$N$5,F29*$N$6,G29*$N$7,H29*$N$8,I29*$N$9,J29*$N$10,K29*$N$11) -> 0.0475 | D52: =(((B52-$F$50)/($G$50-$F$50))*$J$50) + (((C52-$H$50)/($I$50-$H$50))*(1-$J$50)) -> 0.31700721 | E52: =(B29*$N$2)+($N$3*C29)+(D29*$N$4)+($N$5*E29)+(F29*$N$6)+($N$7*G29)+(H29*$N$8)+($N$9*I29)+(J29*$N$10)+($N$11*K29) -> 0.23944444 | K52: ELSA NABABAN
A53: SARITUA MARPAUNG | B53: =SUMPRODUCT(B30:K30 , TRANSPOSE($N$2:$N$11)) -> 0 | C53: =MAX(B30*$N$2,C30*$N$3,D30*$N$4,E30*$N$5,F30*$N$6,G30*$N$7,H30*$N$8,I30*$N$9,J30*$N$10,K30*$N$11) -> 0 | D53: =(((B53-$F$50)/($G$50-$F$50))*$J$50) + (((C53-$H$50)/($I$50-$H$50))*(1-$J$50)) -> 0 | E53: =(B30*$N$2)+($N$3*C30)+(D30*$N$4)+($N$5*E30)+(F30*$N$6)+($N$7*G30)+(H30*$N$8)+($N$9*I30)+(J30*$N$10)+($N$11*K30) -> 0 | K53: ARNITA NABABAN
A54: ELSA NABABAN | B54: =SUMPRODUCT(B31:K31 , TRANSPOSE($N$2:$N$11)) -> 0.19194444 | C54: =MAX(B31*$N$2,C31*$N$3,D31*$N$4,E31*$N$5,F31*$N$6,G31*$N$7,H31*$N$8,I31*$N$9,J31*$N$10,K31*$N$11) -> 0.0425 | D54: =(((B54-$F$50)/($G$50-$F$50))*$J$50) + (((C54-$H$50)/($I$50-$H$50))*(1-$J$50)) -> 0.27157926 | E54: =(B31*$N$2)+($N$3*C31)+(D31*$N$4)+($N$5*E31)+(F31*$N$6)+($N$7*G31)+(H31*$N$8)+($N$9*I31)+(J31*$N$10)+($N$11*K31) -> 0.19194444 | K54: MORES NABABAN
A55: HADI SAPUTRA | B55: =SUMPRODUCT(B32:K32 , TRANSPOSE($N$2:$N$11)) -> 0.4225 | C55: =MAX(B32*$N$2,C32*$N$3,D32*$N$4,E32*$N$5,F32*$N$6,G32*$N$7,H32*$N$8,I32*$N$9,J32*$N$10,K32*$N$11) -> 0.066666667 | D55: =(((B55-$F$50)/($G$50-$F$50))*$J$50) + (((C55-$H$50)/($I$50-$H$50))*(1-$J$50)) -> 0.49167352 | E55: =(B32*$N$2)+($N$3*C32)+(D32*$N$4)+($N$5*E32)+(F32*$N$6)+($N$7*G32)+(H32*$N$8)+($N$9*I32)+(J32*$N$10)+($N$11*K32) -> 0.4225 | K55: JOSIA NABABAN
A56: IRFAN AGUS | B56: =SUMPRODUCT(B33:K33 , TRANSPOSE($N$2:$N$11)) -> 0.29916667 | C56: =MAX(B33*$N$2,C33*$N$3,D33*$N$4,E33*$N$5,F33*$N$6,G33*$N$7,H33*$N$8,I33*$N$9,J33*$N$10,K33*$N$11) -> 0.06 | D56: =(((B56-$F$50)/($G$50-$F$50))*$J$50) + (((C56-$H$50)/($I$50-$H$50))*(1-$J$50)) -> 0.398651 | E56: =(B33*$N$2)+($N$3*C33)+(D33*$N$4)+($N$5*E33)+(F33*$N$6)+($N$7*G33)+(H33*$N$8)+($N$9*I33)+(J33*$N$10)+($N$11*K33) -> 0.29916667 | K56: IRFAN AGUS
A57: LESTARI SIBAGARIANG | B57: =SUMPRODUCT(B34:K34 , TRANSPOSE($N$2:$N$11)) -> 0.5075 | C57: =MAX(B34*$N$2,C34*$N$3,D34*$N$4,E34*$N$5,F34*$N$6,G34*$N$7,H34*$N$8,I34*$N$9,J34*$N$10,K34*$N$11) -> 0.066666667 | D57: =(((B57-$F$50)/($G$50-$F$50))*$J$50) + (((C57-$H$50)/($I$50-$H$50))*(1-$J$50)) -> 0.53764708 | E57: =(B34*$N$2)+($N$3*C34)+(D34*$N$4)+($N$5*E34)+(F34*$N$6)+($N$7*G34)+(H34*$N$8)+($N$9*I34)+(J34*$N$10)+($N$11*K34) -> 0.5075 | K57: IRMA SIANIPAR
A58: JOSIA NABABAN | B58: =SUMPRODUCT(B35:K35 , TRANSPOSE($N$2:$N$11)) -> 0.22583333 | C58: =MAX(B35*$N$2,C35*$N$3,D35*$N$4,E35*$N$5,F35*$N$6,G35*$N$7,H35*$N$8,I35*$N$9,J35*$N$10,K35*$N$11) -> 0.0575 | D58: =(((B58-$F$50)/($G$50-$F$50))*$J$50) + (((C58-$H$50)/($I$50-$H$50))*(1-$J$50)) -> 0.34911912 | E58: =(B35*$N$2)+($N$3*C35)+(D35*$N$4)+($N$5*E35)+(F35*$N$6)+($N$7*G35)+(H35*$N$8)+($N$9*I35)+(J35*$N$10)+($N$11*K35) -> 0.22583333 | K58: HADI SAPUTRA
A59: IRMA SIANIPAR | B59: =SUMPRODUCT(B36:K36 , TRANSPOSE($N$2:$N$11)) -> 0.38944444 | C59: =MAX(B36*$N$2,C36*$N$3,D36*$N$4,E36*$N$5,F36*$N$6,G36*$N$7,H36*$N$8,I36*$N$9,J36*$N$10,K36*$N$11) -> 0.065 | D59: =(((B59-$F$50)/($G$50-$F$50))*$J$50) + (((C59-$H$50)/($I$50-$H$50))*(1-$J$50)) -> 0.46721597 | E59: =(B36*$N$2)+($N$3*C36)+(D36*$N$4)+($N$5*E36)+(F36*$N$6)+($N$7*G36)+(H36*$N$8)+($N$9*I36)+(J36*$N$10)+($N$11*K36) -> 0.38944444 | K59: LESTARI SIBAGARIANG
A60: LAMTIUR NABABAN | B60: =SUMPRODUCT(B37:K37 , TRANSPOSE($N$2:$N$11)) -> 0.55861111 | C60: =MAX(B37*$N$2,C37*$N$3,D37*$N$4,E37*$N$5,F37*$N$6,G37*$N$7,H37*$N$8,I37*$N$9,J37*$N$10,K37*$N$11) -> 0.085 | D60: =(((B60-$F$50)/($G$50-$F$50))*$J$50) + (((C60-$H$50)/($I$50-$H$50))*(1-$J$50)) -> 0.63765973 | E60: =(B37*$N$2)+($N$3*C37)+(D37*$N$4)+($N$5*E37)+(F37*$N$6)+($N$7*G37)+(H37*$N$8)+($N$9*I37)+(J37*$N$10)+($N$11*K37) -> 0.55861111 | K60: RAHUL NABABAN
A61: RAHUL NABABAN | B61: =SUMPRODUCT(B38:K38 , TRANSPOSE($N$2:$N$11)) -> 0.54972222 | C61: =MAX(B38*$N$2,C38*$N$3,D38*$N$4,E38*$N$5,F38*$N$6,G38*$N$7,H38*$N$8,I38*$N$9,J38*$N$10,K38*$N$11) -> 0.084444444 | D61: =(((B61-$F$50)/($G$50-$F$50))*$J$50) + (((C61-$H$50)/($I$50-$H$50))*(1-$J$50)) -> 0.63065905 | E61: =(B38*$N$2)+($N$3*C38)+(D38*$N$4)+($N$5*E38)+(F38*$N$6)+($N$7*G38)+(H38*$N$8)+($N$9*I38)+(J38*$N$10)+($N$11*K38) -> 0.54972222 | K61: LAMTIUR NABABAN
A62: HOSIANA NABABAN | B62: =SUMPRODUCT(B39:K39 , TRANSPOSE($N$2:$N$11)) -> 0.54 | C62: =MAX(B39*$N$2,C39*$N$3,D39*$N$4,E39*$N$5,F39*$N$6,G39*$N$7,H39*$N$8,I39*$N$9,J39*$N$10,K39*$N$11) -> 0.095 | D62: =(((B62-$F$50)/($G$50-$F$50))*$J$50) + (((C62-$H$50)/($I$50-$H$50))*(1-$J$50)) -> 0.66706731 | E62: =(B39*$N$2)+($N$3*C39)+(D39*$N$4)+($N$5*E39)+(F39*$N$6)+($N$7*G39)+(H39*$N$8)+($N$9*I39)+(J39*$N$10)+($N$11*K39) -> 0.54 | K62: ESTER NABABAN
... A69: JELMANRO SILITONGA | B69: =SUMPRODUCT(B46:K46 , TRANSPOSE($N$2:$N$11)) -> 0.92444444 | C69: =MAX(B46*$N$2,C46*$N$3,D46*$N$4,E46*$N$5,F46*$N$6,G46*$N$7,H46*$N$8,I46*$N$9,J46*$N$10,K46*$N$11) -> 0.12333333 | D69: =(((B69-$F$50)/($G$50-$F$50))*$J$50) + (((C69-$H$50)/($I$50-$H$50))*(1-$J$50)) -> 0.98684211 | E69: =(B46*$N$2)+($N$3*C46)+(D46*$N$4)+($N$5*E46)+(F46*$N$6)+($N$7*G46)+(H46*$N$8)+($N$9*I46)+(J46*$N$10)+($N$11*K46) -> 0.92444444 | K69: SERDI SILITONGA
A71: ALTERNATIF | B71: RANKING NUMBER
A72: AMANDA NABABAN | B72: =RANK(D50,$D$50:$D$69,1) -> 2
A73: ARNITA NABABAN | B73: =RANK(D51,$D$50:$D$69,1) -> 4
A74: MORES NABABAN | B74: =RANK(D52,$D$50:$D$69,1) -> 5
A75: SARITUA MARPAUNG | B75: =RANK(D53,$D$50:$D$69,1) -> 1
A76: ELSA NABABAN | B76: =RANK(D54,$D$50:$D$69,1) -> 3
A77: HADI SAPUTRA | B77: =RANK(D55,$D$50:$D$69,1) -> 9
A78: IRFAN AGUS | B78: =RANK(D56,$D$50:$D$69,1) -> 7
A79: LESTARI SIBAGARIANG | B79: =RANK(D57,$D$50:$D$69,1) -> 10
A80: JOSIA NABABAN | B80: =RANK(D58,$D$50:$D$69,1) -> 6
A81: IRMA SIANIPAR | B81: =RANK(D59,$D$50:$D$69,1) -> 8
A82: LAMTIUR NABABAN | B82: =RANK(D60,$D$50:$D$69,1) -> 12
A83: RAHUL NABABAN | B83: =RANK(D61,$D$50:$D$69,1) -> 11
... A91: JELMANRO SILITONGA | B91: =RANK(D69,$D$50:$D$69,1) -> 19
A93: tahapan VIKOR
A94: 1. membuat matriks keputusan
A95: 2. melakukan normalisasi matriks
A96: Rij = ( Xj+ - Xij / Xj+ - Xj-)
A97: Rij = nilai normalisasi untuk alternatif i pada kriteria ke j
A98: Xj+ = elemen terbaik dari kriteria j
A99: Xj- = elemen terburuk dari kriteria j
A100: Xij = nilai alternatif i pada kriteria ke j
A101: 2. Menghitung nilai S dan R
A102: S = jumlah dari hasil normalisasi alternatif i pada kriteria j dikali bobot kriteria j
A103: R = max dari perkalian normalisasi dan bobot pada setiap alternatif i
A104: 3. menentukan indeks Q
... A108: MENGHITUNG NILAI S & R & Q
A109: ALTERNATIF | B109: S | C109: R | D109: Q | E109: S- | F109: S+ | G109: R- | H109: R+ | I109: V | J109: RANKING NAME | L109: Bobot Artikel
A110: AMANDA NABABAN | B110: =(B27*$M$110)+($M$111*C27)+(D27*$M$112)+($M$113*E27)+(F27*$M$114)+($M$115*G27)+(H27*$M$116)+($M$117*I27)+(J27*$M$118)+($M$119*K27) -> 0.115 | C110: =MAX(B27*$M$110,$M$111*C27,D27*$M$112,$M$113*E27,F27*$M$114,$M$115*G27,H27*$M$116,$M$117*I27,J27*$M$118,$M$119*K27) -> 0.065 | D110: =(((B110-$E$110)/($F$110-$E$110))*$I$110) + (((C110-$G$110)/($H$110-$G$110))*(1-$I$110)) -> 0.26473214 | E110: =MIN(B110:B129) -> 0 | F110: =MAX(B110:B129) -> 0.93333333 | G110: =MIN(C110:C129) -> 0 | H110: =MAX(C110:C129) -> 0.16 | I110: 0.5 | J110: {=SORT(A110:A129,D110:D129,1)} -> SARITUA MARPAUNG | L110: C1 | M110: 0.16
A111: ARNITA NABABAN | B111: =(B28*$M$110)+($M$111*C28)+(D28*$M$112)+($M$113*E28)+(F28*$M$114)+($M$115*G28)+(H28*$M$116)+($M$117*I28)+(J28*$M$118)+($M$119*K28) -> 0.23666667 | C111: =MAX(B28*$M$110,$M$111*C28,D28*$M$112,$M$113*E28,F28*$M$114,$M$115*G28,H28*$M$116,$M$117*I28,J28*$M$118,$M$119*K28) -> 0.065 | D111: =(((B111-$E$110)/($F$110-$E$110))*$I$110) + (((C111-$G$110)/($H$110-$G$110))*(1-$I$110)) -> 0.32991071 | J111: AMANDA NABABAN | L111: C2 | M111: 0.14
A112: MORES NABABAN | B112: =(B29*$M$110)+($M$111*C29)+(D29*$M$112)+($M$113*E29)+(F29*$M$114)+($M$115*G29)+(H29*$M$116)+($M$117*I29)+(J29*$M$118)+($M$119*K29) -> 0.27166667 | C112: =MAX(B29*$M$110,$M$111*C29,D29*$M$112,$M$113*E29,F29*$M$114,$M$115*G29,H29*$M$116,$M$117*I29,J29*$M$118,$M$119*K29) -> 0.08 | D112: =(((B112-$E$110)/($F$110-$E$110))*$I$110) + (((C112-$G$110)/($H$110-$G$110))*(1-$I$110)) -> 0.39553571 | J112: ARNITA NABABAN | L112: C3 | M112: 0.08
A113: SARITUA MARPAUNG | B113: =(B30*$M$110)+($M$111*C30)+(D30*$M$112)+($M$113*E30)+(F30*$M$114)+($M$115*G30)+(H30*$M$116)+($M$117*I30)+(J30*$M$118)+($M$119*K30) -> 0 | C113: =MAX(B30*$M$110,$M$111*C30,D30*$M$112,$M$113*E30,F30*$M$114,$M$115*G30,H30*$M$116,$M$117*I30,J30*$M$118,$M$119*K30) -> 0 | D113: =(((B113-$E$110)/($F$110-$E$110))*$I$110) + (((C113-$G$110)/($H$110-$G$110))*(1-$I$110)) -> 0 | J113: ELSA NABABAN | L113: C4 | M113: 0.13
A114: ELSA NABABAN | B114: =(B31*$M$110)+($M$111*C31)+(D31*$M$112)+($M$113*E31)+(F31*$M$114)+($M$115*G31)+(H31*$M$116)+($M$117*I31)+(J31*$M$118)+($M$119*K31) -> 0.22666667 | C114: =MAX(B31*$M$110,$M$111*C31,D31*$M$112,$M$113*E31,F31*$M$114,$M$115*G31,H31*$M$116,$M$117*I31,J31*$M$118,$M$119*K31) -> 0.08 | D114: =(((B114-$E$110)/($F$110-$E$110))*$I$110) + (((C114-$G$110)/($H$110-$G$110))*(1-$I$110)) -> 0.37142857 | J114: JOSIA NABABAN | L114: C5 | M114: 0.07
A115: HADI SAPUTRA | B115: =(B32*$M$110)+($M$111*C32)+(D32*$M$112)+($M$113*E32)+(F32*$M$114)+($M$115*G32)+(H32*$M$116)+($M$117*I32)+(J32*$M$118)+($M$119*K32) -> 0.39333333 | C115: =MAX(B32*$M$110,$M$111*C32,D32*$M$112,$M$113*E32,F32*$M$114,$M$115*G32,H32*$M$116,$M$117*I32,J32*$M$118,$M$119*K32) -> 0.08 | D115: =(((B115-$E$110)/($F$110-$E$110))*$I$110) + (((C115-$G$110)/($H$110-$G$110))*(1-$I$110)) -> 0.46071429 | J115: MORES NABABAN | L115: C6 | M115: 0.12
A116: IRFAN AGUS | B116: =(B33*$M$110)+($M$111*C33)+(D33*$M$112)+($M$113*E33)+(F33*$M$114)+($M$115*G33)+(H33*$M$116)+($M$117*I33)+(J33*$M$118)+($M$119*K33) -> 0.31333333 | C116: =MAX(B33*$M$110,$M$111*C33,D33*$M$112,$M$113*E33,F33*$M$114,$M$115*G33,H33*$M$116,$M$117*I33,J33*$M$118,$M$119*K33) -> 0.08 | D116: =(((B116-$E$110)/($F$110-$E$110))*$I$110) + (((C116-$G$110)/($H$110-$G$110))*(1-$I$110)) -> 0.41785714 | J116: IRFAN AGUS | L116: C7 | M116: 0.09
A117: LESTARI SIBAGARIANG | B117: =(B34*$M$110)+($M$111*C34)+(D34*$M$112)+($M$113*E34)+(F34*$M$114)+($M$115*G34)+(H34*$M$116)+($M$117*I34)+(J34*$M$118)+($M$119*K34) -> 0.50833333 | C117: =MAX(B34*$M$110,$M$111*C34,D34*$M$112,$M$113*E34,F34*$M$114,$M$115*G34,H34*$M$116,$M$117*I34,J34*$M$118,$M$119*K34) -> 0.08 | D117: =(((B117-$E$110)/($F$110-$E$110))*$I$110) + (((C117-$G$110)/($H$110-$G$110))*(1-$I$110)) -> 0.52232143 | J117: IRMA SIANIPAR | L117: C8 | M117: 0.06
A118: JOSIA NABABAN | B118: =(B35*$M$110)+($M$111*C35)+(D35*$M$112)+($M$113*E35)+(F35*$M$114)+($M$115*G35)+(H35*$M$116)+($M$117*I35)+(J35*$M$118)+($M$119*K35) -> 0.24333333 | C118: =MAX(B35*$M$110,$M$111*C35,D35*$M$112,$M$113*E35,F35*$M$114,$M$115*G35,H35*$M$116,$M$117*I35,J35*$M$118,$M$119*K35) -> 0.08 | D118: =(((B118-$E$110)/($F$110-$E$110))*$I$110) + (((C118-$G$110)/($H$110-$G$110))*(1-$I$110)) -> 0.38035714 | J118: HADI SAPUTRA | L118: C9 | M118: 0.05
A119: IRMA SIANIPAR | B119: =(B36*$M$110)+($M$111*C36)+(D36*$M$112)+($M$113*E36)+(F36*$M$114)+($M$115*G36)+(H36*$M$116)+($M$117*I36)+(J36*$M$118)+($M$119*K36) -> 0.39166667 | C119: =MAX(B36*$M$110,$M$111*C36,D36*$M$112,$M$113*E36,F36*$M$114,$M$115*G36,H36*$M$116,$M$117*I36,J36*$M$118,$M$119*K36) -> 0.08 | D119: =(((B119-$E$110)/($F$110-$E$110))*$I$110) + (((C119-$G$110)/($H$110-$G$110))*(1-$I$110)) -> 0.45982143 | J119: LESTARI SIBAGARIANG | L119: C10 | M119: 0.1
A120: LAMTIUR NABABAN | B120: =(B37*$M$110)+($M$111*C37)+(D37*$M$112)+($M$113*E37)+(F37*$M$114)+($M$115*G37)+(H37*$M$116)+($M$117*I37)+(J37*$M$118)+($M$119*K37) -> 0.565 | C120: =MAX(B37*$M$110,$M$111*C37,D37*$M$112,$M$113*E37,F37*$M$114,$M$115*G37,H37*$M$116,$M$117*I37,J37*$M$118,$M$119*K37) -> 0.13 | D120: =(((B120-$E$110)/($F$110-$E$110))*$I$110) + (((C120-$G$110)/($H$110-$G$110))*(1-$I$110)) -> 0.70892857 | J120: RAHUL NABABAN | L120: Jumlah | M120: =SUM(M110:M119) -> 1
A121: RAHUL NABABAN | B121: =(B38*$M$110)+($M$111*C38)+(D38*$M$112)+($M$113*E38)+(F38*$M$114)+($M$115*G38)+(H38*$M$116)+($M$117*I38)+(J38*$M$118)+($M$119*K38) -> 0.555 | C121: =MAX(B38*$M$110,$M$111*C38,D38*$M$112,$M$113*E38,F38*$M$114,$M$115*G38,H38*$M$116,$M$117*I38,J38*$M$118,$M$119*K38) -> 0.093333333 | D121: =(((B121-$E$110)/($F$110-$E$110))*$I$110) + (((C121-$G$110)/($H$110-$G$110))*(1-$I$110)) -> 0.5889881 | J121: ESTER NABABAN
A122: HOSIANA NABABAN | B122: =(B39*$M$110)+($M$111*C39)+(D39*$M$112)+($M$113*E39)+(F39*$M$114)+($M$115*G39)+(H39*$M$116)+($M$117*I39)+(J39*$M$118)+($M$119*K39) -> 0.60833333 | C122: =MAX(B39*$M$110,$M$111*C39,D39*$M$112,$M$113*E39,F39*$M$114,$M$115*G39,H39*$M$116,$M$117*I39,J39*$M$118,$M$119*K39) -> 0.13 | D122: =(((B122-$E$110)/($F$110-$E$110))*$I$110) + (((C122-$G$110)/($H$110-$G$110))*(1-$I$110)) -> 0.73214286 | J122: LAMTIUR NABABAN
A123: ESTER NABABAN | B123: =(B40*$M$110)+($M$111*C40)+(D40*$M$112)+($M$113*E40)+(F40*$M$114)+($M$115*G40)+(H40*$M$116)+($M$117*I40)+(J40*$M$118)+($M$119*K40) -> 0.605 | C123: =MAX(B40*$M$110,$M$111*C40,D40*$M$112,$M$113*E40,F40*$M$114,$M$115*G40,H40*$M$116,$M$117*I40,J40*$M$118,$M$119*K40) -> 0.1 | D123: =(((B123-$E$110)/($F$110-$E$110))*$I$110) + (((C123-$G$110)/($H$110-$G$110))*(1-$I$110)) -> 0.63660714 | J123: HOSIANA NABABAN
A124: ANWAR NABABAN | B124: =(B41*$M$110)+($M$111*C41)+(D41*$M$112)+($M$113*E41)+(F41*$M$114)+($M$115*G41)+(H41*$M$116)+($M$117*I41)+(J41*$M$118)+($M$119*K41) -> 0.73666667 | C124: =MAX(B41*$M$110,$M$111*C41,D41*$M$112,$M$113*E41,F41*$M$114,$M$115*G41,H41*$M$116,$M$117*I41,J41*$M$118,$M$119*K41) -> 0.16 | D124: =(((B124-$E$110)/($F$110-$E$110))*$I$110) + (((C124-$G$110)/($H$110-$G$110))*(1-$I$110)) -> 0.89464286 | J124: ELFRIDA SITINJAK
A125: MORISCA SIBAGARIANG | B125: =(B42*$M$110)+($M$111*C42)+(D42*$M$112)+($M$113*E42)+(F42*$M$114)+($M$115*G42)+(H42*$M$116)+($M$117*I42)+(J42*$M$118)+($M$119*K42) -> 0.78 | C125: =MAX(B42*$M$110,$M$111*C42,D42*$M$112,$M$113*E42,F42*$M$114,$M$115*G42,H42*$M$116,$M$117*I42,J42*$M$118,$M$119*K42) -> 0.16 | D125: =(((B125-$E$110)/($F$110-$E$110))*$I$110) + (((C125-$G$110)/($H$110-$G$110))*(1-$I$110)) -> 0.91785714 | J125: ANWAR NABABAN
A126: ELFRIDA SITINJAK | B126: =(B43*$M$110)+($M$111*C43)+(D43*$M$112)+($M$113*E43)+(F43*$M$114)+($M$115*G43)+(H43*$M$116)+($M$117*I43)+(J43*$M$118)+($M$119*K43) -> 0.57833333 | C126: =MAX(B43*$M$110,$M$111*C43,D43*$M$112,$M$113*E43,F43*$M$114,$M$115*G43,H43*$M$116,$M$117*I43,J43*$M$118,$M$119*K43) -> 0.16 | D126: =(((B126-$E$110)/($F$110-$E$110))*$I$110) + (((C126-$G$110)/($H$110-$G$110))*(1-$I$110)) -> 0.80982143 | J126: MORISCA SIBAGARIANG
A127: CREDO NABABAN | B127: =(B44*$M$110)+($M$111*C44)+(D44*$M$112)+($M$113*E44)+(F44*$M$114)+($M$115*G44)+(H44*$M$116)+($M$117*I44)+(J44*$M$118)+($M$119*K44) -> 0.8 | C127: =MAX(B44*$M$110,$M$111*C44,D44*$M$112,$M$113*E44,F44*$M$114,$M$115*G44,H44*$M$116,$M$117*I44,J44*$M$118,$M$119*K44) -> 0.16 | D127: =(((B127-$E$110)/($F$110-$E$110))*$I$110) + (((C127-$G$110)/($H$110-$G$110))*(1-$I$110)) -> 0.92857143 | J127: CREDO NABABAN
...

Sheet WPM
A1: ALTERNATIF | B1: C1 | C1: C2 | D1: C3 | E1: C4 | F1: C5 | G1: C6 | H1: C7 | I1: C8 | J1: C9 | K1: C10
A2: AMANDA NABABAN | B2: 5 | C2: 5 | D2: 5 | E2: 4 | F2: 5 | G2: 5 | H2: 5 | I2: 4 | J2: 5 | K2: 4
A3: ARNITA NABABAN | B3: 5 | C3: 5 | D3: 4 | E3: 4 | F3: 4 | G3: 4 | H3: 5 | I3: 4 | J3: 5 | K3: 4
A4: MORES NABABAN | B4: 4 | C4: 5 | D4: 4 | E4: 5 | F4: 4 | G4: 4 | H4: 5 | I4: 3 | J4: 5 | K4: 4
A5: SARITUA MARPAUNG | B5: 5 | C5: 5 | D5: 5 | E5: 5 | F5: 5 | G5: 5 | H5: 5 | I5: 4 | J5: 5 | K5: 5
A6: ELSA NABABAN | B6: 4 | C6: 5 | D6: 4 | E6: 4 | F6: 4 | G6: 5 | H6: 5 | I6: 3 | J6: 5 | K6: 5
A7: HADI SAPUTRA | B7: 4 | C7: 4 | D7: 4 | E7: 5 | F7: 3 | G7: 4 | H7: 4 | I7: 2 | J7: 4 | K7: 5
A8: IRFAN AGUS | B8: 4 | C8: 4 | D8: 4 | E8: 5 | F8: 4 | G8: 4 | H8: 4 | I8: 3 | J8: 5 | K8: 5
A9: LESTARI SIBAGARIANG | B9: 4 | C9: 4 | D9: 4 | E9: 4 | F9: 3 | G9: 4 | H9: 4 | I9: 2 | J9: 4 | K9: 4
A10: JOSIA NABABAN | B10: 4 | C10: 4 | D10: 4 | E10: 4 | F10: 5 | G10: 5 | H10: 5 | I10: 4 | J10: 4 | K10: 5
A11: IRMA SIANIPAR | B11: 4 | C11: 5 | D11: 4 | E11: 4 | F11: 3 | G11: 4 | H11: 4 | I11: 3 | J11: 4 | K11: 5
A12: LAMTIUR NABABAN | B12: 4 | C12: 4 | D12: 3 | E12: 3 | F12: 4 | G12: 4 | H12: 4 | I12: 2 | J12: 4 | K12: 4
A13: RAHUL NABABAN | B13: 4 | C13: 3 | D13: 4 | E13: 4 | F13: 3 | G13: 4 | H13: 4 | I13: 2 | J13: 4 | K13: 4
... A21: JELMANRO SILITONGA | B21: 3 | C21: 3 | D21: 2 | E21: 3 | F21: 3 | G21: 3 | H21: 3 | I21: 2 | J21: 3 | K21: 3
A22: AI | B22: =MAX(B2:B21) -> 5 | C22: =MAX(C2:C21) -> 5 | D22: =MAX(D2:D21) -> 5 | E22: =MAX(E2:E21) -> 5 | F22: =MAX(F2:F21) -> 5 | G22: =MAX(G2:G21) -> 5 | H22: =MAX(H2:H21) -> 5 | I22: =MAX(I2:I21) -> 4 | ... K22: =MAX(K2:K21) -> 5
A23: AAI | B23: =min(B2:B21) -> 3 | C23: =min(C2:C21) -> 2 | D23: =min(D2:D21) -> 2 | E23: =min(E2:E21) -> 3 | F23: =min(F2:F21) -> 3 | G23: =min(G2:G21) -> 3 | H23: =min(H2:H21) -> 3 | I23: =min(I2:I21) -> 1 | ... K23: =min(K2:K21) -> 3
A25: NORMALISASI
A26: ALTERNATIF | B26: C1 | C26: C2 | D26: C3 | E26: C4 | F26: C5 | G26: C6 | H26: C7 | I26: C8 | J26: C9 | K26: C10 | M26: BOBOT TIAP KRITERIA FUCOM
A27: AMANDA NABABAN | B27: =B2/$B$22 -> 1 | C27: =C2/$C$22 -> 1 | D27: =D2/$D$22 -> 1 | E27: =E2/$E$22 -> 0.8 | F27: =F2/$F$22 -> 1 | G27: =G2/$G$22 -> 1 | H27: =H2/$H$22 -> 1 | I27: =I2/$I$22 -> 1 | J27: =J2/$J$22 -> 1 | K27: =$K$23/K2 -> 0.75 | M27: C1 | N27: 0.085
A28: ARNITA NABABAN | B28: =B3/$B$22 -> 1 | C28: =C3/$C$22 -> 1 | D28: =D3/$D$22 -> 0.8 | E28: =E3/$E$22 -> 0.8 | F28: =F3/$F$22 -> 0.8 | G28: =G3/$G$22 -> 0.8 | H28: =H3/$H$22 -> 1 | I28: =I3/$I$22 -> 1 | J28: =J3/$J$22 -> 1 | K28: =$K$23/K3 -> 0.75 | M28: C2 | N28: 0.12666667
A29: MORES NABABAN | B29: =B4/$B$22 -> 0.8 | C29: =C4/$C$22 -> 1 | D29: =D4/$D$22 -> 0.8 | E29: =E4/$E$22 -> 1 | F29: =F4/$F$22 -> 0.8 | G29: =G4/$G$22 -> 0.8 | H29: =H4/$H$22 -> 1 | I29: =I4/$I$22 -> 0.75 | J29: =J4/$J$22 -> 1 | K29: =$K$23/K4 -> 0.75 | M29: C3 | N29: 0.12333333
A30: SARITUA MARPAUNG | B30: =B5/$B$22 -> 1 | C30: =C5/$C$22 -> 1 | D30: =D5/$D$22 -> 1 | E30: =E5/$E$22 -> 1 | F30: =F5/$F$22 -> 1 | G30: =G5/$G$22 -> 1 | H30: =H5/$H$22 -> 1 | I30: =I5/$I$22 -> 1 | J30: =J5/$J$22 -> 1 | K30: =$K$23/K5 -> 0.6 | M30: C4 | N30: 0.085
A31: ELSA NABABAN | B31: =B6/$B$22 -> 0.8 | C31: =C6/$C$22 -> 1 | D31: =D6/$D$22 -> 0.8 | E31: =E6/$E$22 -> 0.8 | F31: =F6/$F$22 -> 0.8 | G31: =G6/$G$22 -> 1 | H31: =H6/$H$22 -> 1 | I31: =I6/$I$22 -> 0.75 | J31: =J6/$J$22 -> 1 | K31: =$K$23/K6 -> 0.6 | M31: C5 | N31: 0.065
A32: HADI SAPUTRA | B32: =B7/$B$22 -> 0.8 | C32: =C7/$C$22 -> 0.8 | D32: =D7/$D$22 -> 0.8 | E32: =E7/$E$22 -> 1 | F32: =F7/$F$22 -> 0.6 | G32: =G7/$G$22 -> 0.8 | H32: =H7/$H$22 -> 0.8 | I32: =I7/$I$22 -> 0.5 | J32: =J7/$J$22 -> 0.8 | K32: =$K$23/K7 -> 0.6 | M32: C6 | N32: 0.095
A33: IRFAN AGUS | B33: =B8/$B$22 -> 0.8 | C33: =C8/$C$22 -> 0.8 | D33: =D8/$D$22 -> 0.8 | E33: =E8/$E$22 -> 1 | F33: =F8/$F$22 -> 0.8 | G33: =G8/$G$22 -> 0.8 | H33: =H8/$H$22 -> 0.8 | I33: =I8/$I$22 -> 0.75 | J33: =J8/$J$22 -> 1 | K33: =$K$23/K8 -> 0.6 | M33: C7 | N33: 0.12
A34: LESTARI SIBAGARIANG | B34: =B9/$B$22 -> 0.8 | C34: =C9/$C$22 -> 0.8 | D34: =D9/$D$22 -> 0.8 | E34: =E9/$E$22 -> 0.8 | F34: =F9/$F$22 -> 0.6 | G34: =G9/$G$22 -> 0.8 | H34: =H9/$H$22 -> 0.8 | I34: =I9/$I$22 -> 0.5 | J34: =J9/$J$22 -> 0.8 | K34: =$K$23/K9 -> 0.75 | M34: C8 | N34: 0.1
A35: JOSIA NABABAN | B35: =B10/$B$22 -> 0.8 | C35: =C10/$C$22 -> 0.8 | D35: =D10/$D$22 -> 0.8 | E35: =E10/$E$22 -> 0.8 | F35: =F10/$F$22 -> 1 | G35: =G10/$G$22 -> 1 | H35: =H10/$H$22 -> 1 | I35: =I10/$I$22 -> 1 | J35: =J10/$J$22 -> 0.8 | K35: =$K$23/K10 -> 0.6 | M35: C9 | N35: 0.115
A36: IRMA SIANIPAR | B36: =B11/$B$22 -> 0.8 | C36: =C11/$C$22 -> 1 | D36: =D11/$D$22 -> 0.8 | E36: =E11/$E$22 -> 0.8 | F36: =F11/$F$22 -> 0.6 | G36: =G11/$G$22 -> 0.8 | H36: =H11/$H$22 -> 0.8 | I36: =I11/$I$22 -> 0.75 | J36: =J11/$J$22 -> 0.8 | K36: =$K$23/K11 -> 0.6 | M36: C10 | N36: 0.085
A37: LAMTIUR NABABAN | B37: =B12/$B$22 -> 0.8 | C37: =C12/$C$22 -> 0.8 | D37: =D12/$D$22 -> 0.6 | E37: =E12/$E$22 -> 0.6 | F37: =F12/$F$22 -> 0.8 | G37: =G12/$G$22 -> 0.8 | H37: =H12/$H$22 -> 0.8 | I37: =I12/$I$22 -> 0.5 | J37: =J12/$J$22 -> 0.8 | K37: =$K$23/K12 -> 0.75
A38: RAHUL NABABAN | B38: =B13/$B$22 -> 0.8 | C38: =C13/$C$22 -> 0.6 | D38: =D13/$D$22 -> 0.8 | E38: =E13/$E$22 -> 0.8 | F38: =F13/$F$22 -> 0.6 | G38: =G13/$G$22 -> 0.8 | H38: =H13/$H$22 -> 0.8 | I38: =I13/$I$22 -> 0.5 | J38: =J13/$J$22 -> 0.8 | K38: =$K$23/K13 -> 0.75
A39: HOSIANA NABABAN | B39: =B14/$B$22 -> 0.8 | C39: =C14/$C$22 -> 0.8 | D39: =D14/$D$22 -> 0.8 | E39: =E14/$E$22 -> 0.6 | F39: =F14/$F$22 -> 0.6 | G39: =G14/$G$22 -> 0.6 | H39: =H14/$H$22 -> 0.8 | I39: =I14/$I$22 -> 0.5 | J39: =J14/$J$22 -> 1 | K39: =$K$23/K14 -> 0.75
A40: ESTER NABABAN | B40: =B15/$B$22 -> 0.8 | C40: =C15/$C$22 -> 0.6 | D40: =D15/$D$22 -> 0.8 | E40: =E15/$E$22 -> 0.8 | F40: =F15/$F$22 -> 0.6 | G40: =G15/$G$22 -> 0.8 | H40: =H15/$H$22 -> 0.8 | I40: =I15/$I$22 -> 0.5 | J40: =J15/$J$22 -> 0.8 | K40: =$K$23/K15 -> 1
A41: ANWAR NABABAN | B41: =B16/$B$22 -> 0.6 | C41: =C16/$C$22 -> 0.6 | D41: =D16/$D$22 -> 0.6 | E41: =E16/$E$22 -> 0.6 | F41: =F16/$F$22 -> 0.8 | G41: =G16/$G$22 -> 0.8 | H41: =H16/$H$22 -> 0.8 | I41: =I16/$I$22 -> 0.25 | J41: =J16/$J$22 -> 0.6 | K41: =$K$23/K16 -> 0.75
A42: MORISCA SIBAGARIANG | B42: =B17/$B$22 -> 0.6 | C42: =C17/$C$22 -> 0.6 | D42: =D17/$D$22 -> 0.8 | E42: =E17/$E$22 -> 0.6 | F42: =F17/$F$22 -> 0.6 | G42: =G17/$G$22 -> 0.6 | H42: =H17/$H$22 -> 0.8 | I42: =I17/$I$22 -> 0.25 | J42: =J17/$J$22 -> 0.8 | K42: =$K$23/K17 -> 0.75
A43: ELFRIDA SITINJAK | B43: =B18/$B$22 -> 0.6 | C43: =C18/$C$22 -> 0.8 | D43: =D18/$D$22 -> 0.8 | E43: =E18/$E$22 -> 0.8 | F43: =F18/$F$22 -> 0.6 | G43: =G18/$G$22 -> 0.6 | H43: =H18/$H$22 -> 0.8 | I43: =I18/$I$22 -> 0.75 | J43: =J18/$J$22 -> 0.8 | K43: =$K$23/K18 -> 0.6
A44: CREDO NABABAN | B44: =B19/$B$22 -> 0.6 | C44: =C19/$C$22 -> 0.6 | D44: =D19/$D$22 -> 0.8 | E44: =E19/$E$22 -> 0.6 | F44: =F19/$F$22 -> 0.8 | G44: =G19/$G$22 -> 0.6 | H44: =H19/$H$22 -> 0.8 | I44: =I19/$I$22 -> 0.5 | J44: =J19/$J$22 -> 0.6 | K44: =$K$23/K19 -> 1
A45: SERDI SILITONGA | B45: =B20/$B$22 -> 0.6 | C45: =C20/$C$22 -> 0.4 | D45: =D20/$D$22 -> 0.6 | E45: =E20/$E$22 -> 0.6 | F45: =F20/$F$22 -> 0.6 | G45: =G20/$G$22 -> 0.8 | H45: =H20/$H$22 -> 0.6 | I45: =I20/$I$22 -> 0.25 | J45: =J20/$J$22 -> 0.6 | K45: =$K$23/K20 -> 1
A46: JELMANRO SILITONGA | B46: =B21/$B$22 -> 0.6 | C46: =C21/$C$22 -> 0.6 | D46: =D21/$D$22 -> 0.4 | E46: =E21/$E$22 -> 0.6 | F46: =F21/$F$22 -> 0.6 | G46: =G21/$G$22 -> 0.6 | H46: =H21/$H$22 -> 0.6 | I46: =I21/$I$22 -> 0.5 | J46: =J21/$J$22 -> 0.6 | K46: =$K$23/K21 -> 1
A48: Perankingan WPM menggunakan bobot FUCOM
A49: ALTERNATIF | B49: SKOR WPM | D49: RANKING NAME | E49: RANKING NUMBER | H49: WSM | I49: Reank
A50: AMANDA NABABAN | B50: =(B27^$N$27)*(C27^$N$28)*(D27^$N$29)*(E27^$N$30)*(F27^$N$31)*(G27^$N$32)*(H27^$N$33)*(I27^$N$34)*(J27^$N$35)*(K27^$N$36) -> 0.95750898 | D50: =INDEX($A$50:$A$69, MATCH(ROW(A1), $E$50:$E$69, 0)) -> AMANDA NABABAN | E50: =RANK(B50, $B$50:$B$69, 0) -> 1 | H50: =SUMPRODUCT(B27:K27,TRANSPOSE($N$27:$N$36)) -> 0.96175 | I50: =RANK(H50,$H$50:$H$69,0) -> 2
A51: ARNITA NABABAN | B51: =(B28^$N$27)*(C28^$N$28)*(D28^$N$29)*(E28^$N$30)*(F28^$N$31)*(G28^$N$32)*(H28^$N$33)*(I28^$N$34)*(J28^$N$35)*(K28^$N$36) -> 0.89884544 | D51: =INDEX($A$50:$A$69, MATCH(ROW(A2), $E$50:$E$69, 0)) -> SARITUA MARPAUNG | E51: =RANK(B51, $B$50:$B$69, 0) -> 3 | H51: =SUMPRODUCT(B28:K28,TRANSPOSE($N$27:$N$36)) -> 0.90508333 | I51: =RANK(H51,$H$50:$H$69,0) -> 3
A52: MORES NABABAN | B52: =(B29^$N$27)*(C29^$N$28)*(D29^$N$29)*(E29^$N$30)*(F29^$N$31)*(G29^$N$32)*(H29^$N$33)*(I29^$N$34)*(J29^$N$35)*(K29^$N$36) -> 0.87335567 | D52: =INDEX($A$50:$A$69, MATCH(ROW(A3), $E$50:$E$69, 0)) -> ARNITA NABABAN | E52: =RANK(B52, $B$50:$B$69, 0) -> 4 | H52: =SUMPRODUCT(B29:K29,TRANSPOSE($N$27:$N$36)) -> 0.88008333 | I52: =RANK(H52,$H$50:$H$69,0) -> 4
A53: SARITUA MARPAUNG | B53: =(B30^$N$27)*(C30^$N$28)*(D30^$N$29)*(E30^$N$30)*(F30^$N$31)*(G30^$N$32)*(H30^$N$33)*(I30^$N$34)*(J30^$N$35)*(K30^$N$36) -> 0.95750898 | D53: =INDEX($A$50:$A$69, MATCH(ROW(A4), $E$50:$E$69, 0)) -> MORES NABABAN | E53: =RANK(B53, $B$50:$B$69, 0) -> 2 | H53: =SUMPRODUCT(B30:K30,TRANSPOSE($N$27:$N$36)) -> 0.966 | I53: =RANK(H53,$H$50:$H$69,0) -> 1
A54: ELSA NABABAN | B54: =(B31^$N$27)*(C31^$N$28)*(D31^$N$29)*(E31^$N$30)*(F31^$N$31)*(G31^$N$32)*(H31^$N$33)*(I31^$N$34)*(J31^$N$35)*(K31^$N$36) -> 0.85886102 | D54: =INDEX($A$50:$A$69, MATCH(ROW(A5), $E$50:$E$69, 0)) -> ELSA NABABAN | E54: =RANK(B54, $B$50:$B$69, 0) -> 5 | H54: =SUMPRODUCT(B31:K31,TRANSPOSE($N$27:$N$36)) -> 0.86933333 | I54: =RANK(H54,$H$50:$H$69,0) -> 5
A55: HADI SAPUTRA | B55: =(B32^$N$27)*(C32^$N$28)*(D32^$N$29)*(E32^$N$30)*(F32^$N$31)*(G32^$N$32)*(H32^$N$33)*(I32^$N$34)*(J32^$N$35)*(K32^$N$36) -> 0.74503132 | D55: =INDEX($A$50:$A$69, MATCH(ROW(A6), $E$50:$E$69, 0)) -> JOSIA NABABAN | E55: =RANK(B55, $B$50:$B$69, 0) -> 10 | H55: =SUMPRODUCT(B32:K32,TRANSPOSE($N$27:$N$36)) -> 0.757 | I55: =RANK(H55,$H$50:$H$69,0) -> 9
A56: IRFAN AGUS | B56: =(B33^$N$27)*(C33^$N$28)*(D33^$N$29)*(E33^$N$30)*(F33^$N$31)*(G33^$N$32)*(H33^$N$33)*(I33^$N$34)*(J33^$N$35)*(K33^$N$36) -> 0.81105317 | D56: =INDEX($A$50:$A$69, MATCH(ROW(A7), $E$50:$E$69, 0)) -> IRFAN AGUS | E56: =RANK(B56, $B$50:$B$69, 0) -> 7 | H56: =SUMPRODUCT(B33:K33,TRANSPOSE($N$27:$N$36)) -> 0.818 | I56: =RANK(H56,$H$50:$H$69,0) -> 7
A57: LESTARI SIBAGARIANG | B57: =(B34^$N$27)*(C34^$N$28)*(D34^$N$29)*(E34^$N$30)*(F34^$N$31)*(G34^$N$32)*(H34^$N$33)*(I34^$N$34)*(J34^$N$35)*(K34^$N$36) -> 0.74503132 | D57: =INDEX($A$50:$A$69, MATCH(ROW(A8), $E$50:$E$69, 0)) -> IRMA SIANIPAR | E57: =RANK(B57, $B$50:$B$69, 0) -> 9 | H57: =SUMPRODUCT(B34:K34,TRANSPOSE($N$27:$N$36)) -> 0.75275 | I57: =RANK(H57,$H$50:$H$69,0) -> 10
A58: JOSIA NABABAN | B58: =(B35^$N$27)*(C35^$N$28)*(D35^$N$29)*(E35^$N$30)*(F35^$N$31)*(G35^$N$32)*(H35^$N$33)*(I35^$N$34)*(J35^$N$35)*(K35^$N$36) -> 0.84975944 | D58: =INDEX($A$50:$A$69, MATCH(ROW(A9), $E$50:$E$69, 0)) -> LESTARI SIBAGARIANG | E58: =RANK(B58, $B$50:$B$69, 0) -> 6 | H58: =SUMPRODUCT(B35:K35,TRANSPOSE($N$27:$N$36)) -> 0.859 | I58: =RANK(H58,$H$50:$H$69,0) -> 6
A59: IRMA SIANIPAR | B59: =(B36^$N$27)*(C36^$N$28)*(D36^$N$29)*(E36^$N$30)*(F36^$N$31)*(G36^$N$32)*(H36^$N$33)*(I36^$N$34)*(J36^$N$35)*(K36^$N$36) -> 0.78310784 | D59: =INDEX($A$50:$A$69, MATCH(ROW(A10), $E$50:$E$69, 0)) -> HADI SAPUTRA | E59: =RANK(B59, $B$50:$B$69, 0) -> 8 | H59: =SUMPRODUCT(B36:K36,TRANSPOSE($N$27:$N$36)) -> 0.79033333 | I59: =RANK(H59,$H$50:$H$69,0) -> 8
A60: LAMTIUR NABABAN | B60: =(B37^$N$27)*(C37^$N$28)*(D37^$N$29)*(E37^$N$30)*(F37^$N$31)*(G37^$N$32)*(H37^$N$33)*(I37^$N$34)*(J37^$N$35)*(K37^$N$36) -> 0.71493514 | D60: =INDEX($A$50:$A$69, MATCH(ROW(A11), $E$50:$E$69, 0)) -> ESTER NABABAN | E60: =RANK(B60, $B$50:$B$69, 0) -> 15 | H60: =SUMPRODUCT(B37:K37,TRANSPOSE($N$27:$N$36)) -> 0.72408333 | I60: =RANK(H60,$H$50:$H$69,0) -> 15
A61: RAHUL NABABAN | B61: =(B38^$N$27)*(C38^$N$28)*(D38^$N$29)*(E38^$N$30)*(F38^$N$31)*(G38^$N$32)*(H38^$N$33)*(I38^$N$34)*(J38^$N$35)*(K38^$N$36) -> 0.71837127 | D61: =INDEX($A$50:$A$69, MATCH(ROW(A12), $E$50:$E$69, 0)) -> HOSIANA NABABAN | E61: =RANK(B61, $B$50:$B$69, 0) -> 14 | H61: =SUMPRODUCT(B38:K38,TRANSPOSE($N$27:$N$36)) -> 0.72741667 | I61: =RANK(H61,$H$50:$H$69,0) -> 14
... A69: JELMANRO SILITONGA | B69: =(B46^$N$27)*(C46^$N$28)*(D46^$N$29)*(E46^$N$30)*(F46^$N$31)*(G46^$N$32)*(H46^$N$33)*(I46^$N$34)*(J46^$N$35)*(K46^$N$36) -> 0.58529168 | D69: =INDEX($A$50:$A$69, MATCH(ROW(A20), $E$50:$E$69, 0)) -> SERDI SILITONGA | E69: =RANK(B69, $B$50:$B$69, 0) -> 19 | H69: =SUMPRODUCT(B46:K46,TRANSPOSE($N$27:$N$36)) -> 0.59933333 | I69: =RANK(H69,$H$50:$H$69,0) -> 19
A71: C1 | B71: C2 | C71: C3 | D71: C4 | E71: C5 | F71: C6 | G71: C7 | H71: C8 | I71: C9 | J71: C10
A72: 0.07383637 | B72: 0.072889006 | C72: 0.10606734 | D72: 0.11236577 | E72: 0.11352603 | F72: 0.098551866 | G72: 0.08007078 | H72: 0.16671903 | I72: 0.084576274 | J72: 0.091397537
A73: HASIL WPM MEREC | C73: rank | E73: wsm merec
A74: =(B27^$A$72)*(C27^$B$72)*(D27^$C$72)*(E27^$D$72)*(F27^$E$72)*(G27^$F$72)*(H27^$G$72)*(I27^$H$72)*(J27^$I$72)*(K27^$J$72) -> 0.94992986 | B74: A1 | C74: =RANK(A74,$A$74:$A$93,0) -> 2 | E74: =SUMPRODUCT(B27:K27, $A$72:$J$72) -> 0.95467746 | F74: =RANK(E74,$E$74:$E$93,0) -> 2
A75: =(B28^$A$72)*(C28^$B$72)*(D28^$C$72)*(E28^$D$72)*(F28^$E$72)*(G28^$F$72)*(H28^$G$72)*(I28^$H$72)*(J28^$I$72)*(K28^$J$72) -> 0.88483049 | B75: A2 | C75: =RANK(A75,$A$74:$A$93,0) -> 3 | E75: =SUMPRODUCT(B28:K28, $A$72:$J$72) -> 0.89104842 | F75: =RANK(E75,$E$74:$E$93,0) -> 3
A76: =(B29^$A$72)*(C29^$B$72)*(D29^$C$72)*(E29^$D$72)*(F29^$E$72)*(G29^$F$72)*(H29^$G$72)*(I29^$H$72)*(J29^$I$72)*(K29^$J$72) -> 0.85067623 | B76: A3 | C76: =RANK(A76,$A$74:$A$93,0) -> 5 | E76: =SUMPRODUCT(B29:K29, $A$72:$J$72) -> 0.85707454 | F76: =RANK(E76,$E$74:$E$93,0) -> 5
A77: =(B30^$A$72)*(C30^$B$72)*(D30^$C$72)*(E30^$D$72)*(F30^$E$72)*(G30^$F$72)*(H30^$G$72)*(I30^$H$72)*(J30^$I$72)*(K30^$J$72) -> 0.95438493 | B77: A4 | C77: =RANK(A77,$A$74:$A$93,0) -> 1 | E77: =SUMPRODUCT(B30:K30, $A$72:$J$72) -> 0.96344099 | F77: =RANK(E77,$E$74:$E$93,0) -> 1
A78: =(B31^$A$72)*(C31^$B$72)*(D31^$C$72)*(E31^$D$72)*(F31^$E$72)*(G31^$F$72)*(H31^$G$72)*(I31^$H$72)*(J31^$I$72)*(K31^$J$72) -> 0.83093731 | B78: A5 | C78: =RANK(A78,$A$74:$A$93,0) -> 6 | E78: =SUMPRODUCT(B31:K31, $A$72:$J$72) -> 0.84060213 | F78: =RANK(E78,$E$74:$E$93,0) -> 6
A79: =(B32^$A$72)*(C32^$B$72)*(D32^$C$72)*(E32^$D$72)*(F32^$E$72)*(G32^$F$72)*(H32^$G$72)*(I32^$H$72)*(J32^$I$72)*(K32^$J$72) -> 0.71506542 | B79: A6 | C79: =RANK(A79,$A$74:$A$93,0) -> 10 | E79: =SUMPRODUCT(B32:K32, $A$72:$J$72) -> 0.73147273 | F79: =RANK(E79,$E$74:$E$93,0) -> 9
A80: =(B33^$A$72)*(C33^$B$72)*(D33^$C$72)*(E33^$D$72)*(F33^$E$72)*(G33^$F$72)*(H33^$G$72)*(I33^$H$72)*(J33^$I$72)*(K33^$J$72) -> 0.80553354 | B80: A7 | C80: =RANK(A80,$A$74:$A$93,0) -> 7 | E80: =SUMPRODUCT(B33:K33, $A$72:$J$72) -> 0.81277295 | F80: =RANK(E80,$E$74:$E$93,0) -> 7
A81: =(B34^$A$72)*(C34^$B$72)*(D34^$C$72)*(E34^$D$72)*(F34^$E$72)*(G34^$F$72)*(H34^$G$72)*(I34^$H$72)*(J34^$I$72)*(K34^$J$72) -> 0.7117275 | B81: A8 | C81: =RANK(A81,$A$74:$A$93,0) -> 11 | E81: =SUMPRODUCT(B34:K34, $A$72:$J$72) -> 0.72270921 | F81: =RANK(E81,$E$74:$E$93,0) -> 11
A82: =(B35^$A$72)*(C35^$B$72)*(D35^$C$72)*(E35^$D$72)*(F35^$E$72)*(G35^$F$72)*(H35^$G$72)*(I35^$H$72)*(J35^$I$72)*(K35^$J$72) -> 0.86325633 | B82: A9 | C82: =RANK(A82,$A$74:$A$93,0) -> 4 | E82: =SUMPRODUCT(B35:K35, $A$72:$J$72) -> 0.87349403 | F82: =RANK(E82,$E$74:$E$93,0) -> 4
A83: =(B36^$A$72)*(C36^$B$72)*(D36^$C$72)*(E36^$D$72)*(F36^$E$72)*(G36^$F$72)*(H36^$G$72)*(I36^$H$72)*(J36^$I$72)*(K36^$J$72) -> 0.75836424 | B83: A10 | C83: =RANK(A83,$A$74:$A$93,0) -> 8 | E83: =SUMPRODUCT(B36:K36, $A$72:$J$72) -> 0.76525714 | F83: =RANK(E83,$E$74:$E$93,0) -> 8
A84: =(B37^$A$72)*(C37^$B$72)*(D37^$C$72)*(E37^$D$72)*(F37^$E$72)*(G37^$F$72)*(H37^$G$72)*(I37^$H$72)*(J37^$I$72)*(K37^$J$72) -> 0.69056854 | B84: A11 | C84: =RANK(A84,$A$74:$A$93,0) -> 14 | E84: =SUMPRODUCT(B37:K37, $A$72:$J$72) -> 0.70172779 | F84: =RANK(E84,$E$74:$E$93,0) -> 14
A85: =(B38^$A$72)*(C38^$B$72)*(D38^$C$72)*(E38^$D$72)*(F38^$E$72)*(G38^$F$72)*(H38^$G$72)*(I38^$H$72)*(J38^$I$72)*(K38^$J$72) -> 0.69695877 | B85: A12 | C85: =RANK(A85,$A$74:$A$93,0) -> 13 | E85: =SUMPRODUCT(B38:K38, $A$72:$J$72) -> 0.70813141 | F85: =RANK(E85,$E$74:$E$93,0) -> 13
... A93: =(B46^$A$72)*(C46^$B$72)*(D46^$C$72)*(E46^$D$72)*(F46^$E$72)*(G46^$F$72)*(H46^$G$72)*(I46^$H$72)*(J46^$I$72)*(K46^$J$72) -> 0.58418329 | B93: A20 | C93: =RANK(A93,$A$74:$A$93,0) -> 17 | E93: =SUMPRODUCT(B46:K46, $A$72:$J$72) -> 0.59867364 | F93: =RANK(E93,$E$74:$E$93,0) -> 19
A94: WPM DATASET | D94: rank wpm | E94: wsm dataset | F94: rank
A95: 0.16 | B95: =(B27^$A$95)*(C27^$A$96)*(D27^$A$97)*(E27^$A$98)*(F27^$A$99)*(G27^$A$100)*(H27^$A$101)*(I27^$A$102)*(J27^$A$103)*(K27^$A$104) -> 0.94386053 | C95: A1 | D95: =RANK(B95,$B$95:$B$114,0) -> 2 | E95: =SUMPRODUCT(B27:K27, TRANSPOSE($A$95:$A$104)) -> 0.949 | F95: =RANK(E95,$E$95:$E$114,0) -> 2
A96: 0.14 | B96: =(B28^$A$95)*(C28^$A$96)*(D28^$A$97)*(E28^$A$98)*(F28^$A$99)*(G28^$A$100)*(H28^$A$101)*(I28^$A$102)*(J28^$A$103)*(K28^$A$104) -> 0.88867328 | C96: A2 | D96: =RANK(B96,$B$95:$B$114,0) -> 3 | E96: =SUMPRODUCT(B28:K28, TRANSPOSE($A$95:$A$104)) -> 0.895 | F96: =RANK(E96,$E$95:$E$114,0) -> 3
A97: 0.08 | B97: =(B29^$A$95)*(C29^$A$96)*(D29^$A$97)*(E29^$A$98)*(F29^$A$99)*(G29^$A$100)*(H29^$A$101)*(I29^$A$102)*(J29^$A$103)*(K29^$A$104) -> 0.86763786 | C97: A3 | D97: =RANK(B97,$B$95:$B$114,0) -> 4 | E97: =SUMPRODUCT(B29:K29, TRANSPOSE($A$95:$A$104)) -> 0.874 | F97: =RANK(E97,$E$95:$E$114,0) -> 4
A98: 0.13 | B98: =(B30^$A$95)*(C30^$A$96)*(D30^$A$97)*(E30^$A$98)*(F30^$A$99)*(G30^$A$100)*(H30^$A$101)*(I30^$A$102)*(J30^$A$103)*(K30^$A$104) -> 0.95020022 | C98: A4 | D98: =RANK(B98,$B$95:$B$114,0) -> 1 | E98: =SUMPRODUCT(B30:K30, TRANSPOSE($A$95:$A$104)) -> 0.96 | F98: =RANK(E98,$E$95:$E$114,0) -> 1
A99: 0.07 | B99: =(B31^$A$95)*(C31^$A$96)*(D31^$A$97)*(E31^$A$98)*(F31^$A$99)*(G31^$A$100)*(H31^$A$101)*(I31^$A$102)*(J31^$A$103)*(K31^$A$104) -> 0.84660026 | C99: A5 | D99: =RANK(B99,$B$95:$B$114,0) -> 5 | E99: =SUMPRODUCT(B31:K31, TRANSPOSE($A$95:$A$104)) -> 0.857 | F99: =RANK(E99,$E$95:$E$114,0) -> 5
A100: 0.12 | B100: =(B32^$A$95)*(C32^$A$96)*(D32^$A$97)*(E32^$A$98)*(F32^$A$99)*(G32^$A$100)*(H32^$A$101)*(I32^$A$102)*(J32^$A$103)*(K32^$A$104) -> 0.76243268 | C100: A6 | D100: =RANK(B100,$B$95:$B$114,0) -> 9 | E100: =SUMPRODUCT(B32:K32, TRANSPOSE($A$95:$A$104)) -> 0.774 | F100: =RANK(E100,$E$95:$E$114,0) -> 9
A101: 0.09 | B101: =(B33^$A$95)*(C33^$A$96)*(D33^$A$97)*(E33^$A$98)*(F33^$A$99)*(G33^$A$100)*(H33^$A$101)*(I33^$A$102)*(J33^$A$103)*(K33^$A$104) -> 0.80604297 | C101: A7 | D101: =RANK(B101,$B$95:$B$114,0) -> 7 | E101: =SUMPRODUCT(B33:K33, TRANSPOSE($A$95:$A$104)) -> 0.813 | F101: =RANK(E101,$E$95:$E$114,0) -> 7
A102: 0.06 | B102: =(B34^$A$95)*(C34^$A$96)*(D34^$A$97)*(E34^$A$98)*(F34^$A$99)*(G34^$A$100)*(H34^$A$101)*(I34^$A$102)*(J34^$A$103)*(K34^$A$104) -> 0.75734577 | C102: A8 | D102: =RANK(B102,$B$95:$B$114,0) -> 10 | E102: =SUMPRODUCT(B34:K34, TRANSPOSE($A$95:$A$104)) -> 0.763 | F102: =RANK(E102,$E$95:$E$114,0) -> 10
A103: 0.05 | B103: =(B35^$A$95)*(C35^$A$96)*(D35^$A$97)*(E35^$A$98)*(F35^$A$99)*(G35^$A$100)*(H35^$A$101)*(I35^$A$102)*(J35^$A$103)*(K35^$A$104) -> 0.83858196 | C103: A9 | D103: =RANK(B103,$B$95:$B$114,0) -> 6 | E103: =SUMPRODUCT(B35:K35, TRANSPOSE($A$95:$A$104)) -> 0.848 | F103: =RANK(E103,$E$95:$E$114,0) -> 6
A104: 0.1 | B104: =(B36^$A$95)*(C36^$A$96)*(D36^$A$97)*(E36^$A$98)*(F36^$A$99)*(G36^$A$100)*(H36^$A$101)*(I36^$A$102)*(J36^$A$103)*(K36^$A$104) -> 0.7829537 | C104: A10 | D104: =RANK(B104,$B$95:$B$114,0) -> 8 | E104: =SUMPRODUCT(B36:K36, TRANSPOSE($A$95:$A$104)) -> 0.791 | F104: =RANK(E104,$E$95:$E$114,0) -> 8
B105: =(B37^$A$95)*(C37^$A$96)*(D37^$A$97)*(E37^$A$98)*(F37^$A$99)*(G37^$A$100)*(H37^$A$101)*(I37^$A$102)*(J37^$A$103)*(K37^$A$104) -> 0.72744938 | C105: A11 | D105: =RANK(B105,$B$95:$B$114,0) -> 12 | E105: =SUMPRODUCT(B37:K37, TRANSPOSE($A$95:$A$104)) -> 0.735 | F105: =RANK(E105,$E$95:$E$114,0) -> 12
B106: =(B38^$A$95)*(C38^$A$96)*(D38^$A$97)*(E38^$A$98)*(F38^$A$99)*(G38^$A$100)*(H38^$A$101)*(I38^$A$102)*(J38^$A$103)*(K38^$A$104) -> 0.72744938 | C106: A12 | D106: =RANK(B106,$B$95:$B$114,0) -> 12 | E106: =SUMPRODUCT(B38:K38, TRANSPOSE($A$95:$A$104)) -> 0.735 | F106: =RANK(E106,$E$95:$E$114,0) -> 12
B107: =(B39^$A$95)*(C39^$A$96)*(D39^$A$97)*(E39^$A$98)*(F39^$A$99)*(G39^$A$100)*(H39^$A$101)*(I39^$A$102)*(J39^$A$103)*(K39^$A$104) -> 0.71269715 | C107: A13 | D107: =RANK(B107,$B$95:$B$114,0) -> 14 | E107: =SUMPRODUCT(B39:K39, TRANSPOSE($A$95:$A$104)) -> 0.723 | F107: =RANK(E107,$E$95:$E$114,0) -> 14
B108: =(B40^$A$95)*(C40^$A$96)*(D40^$A$97)*(E40^$A$98)*(F40^$A$99)*(G40^$A$100)*(H40^$A$101)*(I40^$A$102)*(J40^$A$103)*(K40^$A$104) -> 0.74868073 | C108: A14 | D108: =RANK(B108,$B$95:$B$114,0) -> 11 | E108: =SUMPRODUCT(B40:K40, TRANSPOSE($A$95:$A$104)) -> 0.76 | F108: =RANK(E108,$E$95:$E$114,0) -> 11
B109: =(B41^$A$95)*(C41^$A$96)*(D41^$A$97)*(E41^$A$98)*(F41^$A$99)*(G41^$A$100)*(H41^$A$101)*(I41^$A$102)*(J41^$A$103)*(K41^$A$104) -> 0.63097539 | C109: A15 | D109: =RANK(B109,$B$95:$B$114,0) -> 17 | E109: =SUMPRODUCT(B41:K41, TRANSPOSE($A$95:$A$104)) -> 0.65 | F109: =RANK(E109,$E$95:$E$114,0) -> 17
B110: =(B42^$A$95)*(C42^$A$96)*(D42^$A$97)*(E42^$A$98)*(F42^$A$99)*(G42^$A$100)*(H42^$A$101)*(I42^$A$102)*(J42^$A$103)*(K42^$A$104) -> 0.62017763 | C110: A16 | D110: =RANK(B110,$B$95:$B$114,0) -> 18 | E110: =SUMPRODUCT(B42:K42, TRANSPOSE($A$95:$A$104)) -> 0.638 | F110: =RANK(E110,$E$95:$E$114,0) -> 18
B111: =(B43^$A$95)*(C43^$A$96)*(D43^$A$97)*(E43^$A$98)*(F43^$A$99)*(G43^$A$100)*(H43^$A$101)*(I43^$A$102)*(J43^$A$103)*(K43^$A$104) -> 0.70014152 | C111: A17 | D111: =RANK(B111,$B$95:$B$114,0) -> 15 | E111: =SUMPRODUCT(B43:K43, TRANSPOSE($A$95:$A$104)) -> 0.707 | F111: =RANK(E111,$E$95:$E$114,0) -> 15
B112: =(B44^$A$95)*(C44^$A$96)*(D44^$A$97)*(E44^$A$98)*(F44^$A$99)*(G44^$A$100)*(H44^$A$101)*(I44^$A$102)*(J44^$A$103)*(K44^$A$104) -> 0.66922252 | C112: A18 | D112: =RANK(B112,$B$95:$B$114,0) -> 16 | E112: =SUMPRODUCT(B44:K44, TRANSPOSE($A$95:$A$104)) -> 0.682 | F112: =RANK(E112,$E$95:$E$114,0) -> 16
B113: =(B45^$A$95)*(C45^$A$96)*(D45^$A$97)*(E45^$A$98)*(F45^$A$99)*(G45^$A$100)*(H45^$A$101)*(I45^$A$102)*(J45^$A$103)*(K45^$A$104) -> 0.58595373 | C113: A19 | D113: =RANK(B113,$B$95:$B$114,0) -> 20 | E113: =SUMPRODUCT(B45:K45, TRANSPOSE($A$95:$A$104)) -> 0.615 | F113: =RANK(E113,$E$95:$E$114,0) -> 20
B114: =(B46^$A$95)*(C46^$A$96)*(D46^$A$97)*(E46^$A$98)*(F46^$A$99)*(G46^$A$100)*(H46^$A$101)*(I46^$A$102)*(J46^$A$103)*(K46^$A$104) -> 0.6046415 | C114: A20 | D114: =RANK(B114,$B$95:$B$114,0) -> 19 | E114: =SUMPRODUCT(B46:K46, TRANSPOSE($A$95:$A$104)) -> 0.618 | F114: =RANK(E114,$E$95:$E$114,0) -> 19

Sheet JOBSHEET MINGGU 14
A1: Alternatif | B1: skor DDS | C1: Rank DDS | D1: Rank Manager | E1: d | F1: d^2 | H1: p
A2: A1 Visual Studio | B2: 0.842 | C2: 1 | D2: 2 | E2: =C2-D2 -> -1 | F2: =E2^2 -> 1 | H2: =(1 - ((6 *F8) / (6 * (6^2 - 1)))) -> 0.82857143 | I2: strongly positive
A3: A2 Intelij IDEA | B3: 0.831 | C3: 2 | D3: 1 | E3: =C3-D3 -> 1 | F3: =E3^2 -> 1 | I3: dapat dinyatakan valid berdasarkan perbandingan dengan keputusan manager
A4: A3 Eclipse | B4: 0.764 | C4: 3 | D4: 4 | E4: =C4-D4 -> -1 | F4: =E4^2 -> 1 | I4: implikasi praktis =
A5: A4 Pycharm | B5: 0.721 | C5: 4 | D5: 3 | E5: =C5-D5 -> 1 | F5: =E5^2 -> 1 | I5: interpretasi dan kesimpulan =
A6: A5 Netbeans | B6: 0.689 | C6: 5 | D6: 6 | E6: =C6-D6 -> -1 | F6: =E6^2 -> 1
A7: A6 VS code | B7: 0.645 | C7: 6 | D7: 5 | E7: =C7-D7 -> 1 | F7: =E7^2 -> 1
F8: =SUM(F2:F7) -> 6
A9: a. hitung selisih peringkat (d) dan kuadrat selisih (d2)
A10: lengkapi kolom d = (Rank DSS - Rank Manager) dan d2 pada tabel. kemudian jumlahkan semua nilai d2 untuk mendapatkan sigma d2
A11: b. hitung kolerasi spearman (p)
A12: gunakan rumus
A13: dimana n = jumlah alternatif. tunjukkan seluruh langkah perhitungan
A14: c. interpretasi hasil dan kesimpulan
A15: berdasarkan nilai p yang diperoleh: 1. termasuk dalam kategori korelasi apa? 2. apakah DSS dapat dinyatakan valid berdasarkan perbandingan dengan keputusan manager? 3. apa implikasi praktis dari hasil ini bagi perusahaan?
A17: skenario bobot c3 | B17: a1 rank | C17: a2 rank | D17: a3 rank | E17: a4 rank | F17: a5 rank
A18: w3 = 0,10 (-15%) | B18: 2 | C18: 1 | D18: 3 | E18: 5 | F18: 4 | H18: a1 = 2, a2 = 1, a3 = 3, a4 = 5, a5 = 4 | J18: terjadi perubahan | L18: alternatif paling stabil = a4, konsisten selalu mendapat rank 5
A19: w3 = 0,15 (-10%) | B19: 2 | C19: 1 | D19: 3 | E19: 5 | F19: 4 | H19: a1 = 2, a2 = 1, a3 = 3, a4 = 5, a5 = 4 | J19: sama seperti skenario -15 | L19: alternatif paling tidak stabil =
A20: w3 = 0,25 (baseline) | B20: 1 | C20: 2 | D20: 3 | E20: 5 | F20: 4 | H20: a1 = 1, a2 = 2, a3 = 3, a4 = 5, a5 = 4 | J20: baseline
A21: w3 = 0,35 (+10%) | B21: 1 | C21: 2 | D21: 4 | E21: 5 | F21: 3 | H21: a1 = 1, a2 = 2, a3 = 4, a4 = 5, a5 = 3 | J21: terjadi perubahan
A22: w3 = 0,45 (+20%) | B22: 1 | C22: 2 | D22: 4 | E22: 5 | F22: 3 | H22: a1 = 1, a2 = 2, a3 = 4, a4 = 5, a5 = 3 | J22: sama seperti skenario +10
A24: a. identifikasi titik perubahan peringkat (rank reversal)
A25: 1. pada skenario bobot berapa saja terjadi perubahan peringkat (rank reversal)?
A26: 2. alternatif mana yang paling stabil dan paling tidak stabil posisi peringkatnya? tunjukkan jawaban dengan merujuk pada data tabel
A27: b. hitung korelasi spearman setiap skenario vs baseline
A28: hitunglah nilai korelasi spearman (p) antara setiap skenario dengan peringkat baseline (w3 = 0,25)
A30: perhitungan korelasi spearman
A31: alternatif | B31: rank skenario -15% | C31: baseline | D31: d | E31: d^2 | F31: p
A32: a1 | B32: 2 | C32: 1 | D32: =B32-C32 -> 1 | E32: =D32^2 -> 1 | F32: =(1 - ((6 *E37) / (5 * (5^2 - 1)))) -> 0.9 | G32: korelasi sangat kuat
A33: a2 | B33: 1 | C33: 2 | D33: =B33-C33 -> -1 | E33: =D33^2 -> 1
A34: a3 | B34: 3 | C34: 3 | D34: =B34-C34 -> 0 | E34: =D34^2 -> 0 | G34: untuk perhitungan skenario -10% tidak perlu dihitung ulang karena rankingnya sama, jadi hasil perbandingannya pasti sama juga
A35: a4 | B35: 5 | C35: 5 | D35: =B35-C35 -> 0 | E35: =D35^2 -> 0
A36: a5 | B36: 4 | C36: 4 | D36: =B36-C36 -> 0 | E36: =D36^2 -> 0
E37: =SUM(E32:E36) -> 2
A39: alternatif | B39: rank skenario +10% | C39: baseline | D39: d | E39: d^2 | F39: p
A40: a1 | B40: 1 | C40: 1 | D40: =B40-C40 -> 0 | E40: =D40^2 -> 0 | F40: =(1 - ((6 *E45) / (5 * (5^2 - 1)))) -> 0.9 | G40: korelasi sangat kuat
A41: a2 | B41: 2 | C41: 2 | D41: =B41-C41 -> 0 | E41: =D41^2 -> 0
A42: a3 | B42: 4 | C42: 3 | D42: =B42-C42 -> 1 | E42: =D42^2 -> 1 | G42: untuk perhitungan skenario +20% tidak perlu dihitung ulang karena rankingnya sama, jadi hasil perbandingannya pasti sama juga
A43: a4 | B43: 5 | C43: 5 | D43: =B43-C43 -> 0 | E43: =D43^2 -> 0
A44: a5 | B44: 3 | C44: 4 | D44: =B44-C44 -> -1 | E44: =D44^2 -> 1
E45: =SUM(E40:E44) -> 2

Sheet Evaluasi SPK
A1: STUDI KASUS 1 MENGGUNAKAN BOBOT MEREC
A2: ALTERNATIF | B2: FUCOM + MARCOS | C2: FUCOM + VIKOR | D2: d | E2: d^2 | F2: P
A3: AMANDA NABABAN | B3: =MARCOS!G154 -> 2 | C3: ='PERBANDINGAN + AGREGASI'!C36 -> 2 | D3: =B3-C3 -> 0 | E3: =D3^2 -> 0 | F3: =(1 - ((6 *E23) / (20 * (20^2 - 1)))) -> 0.96691729
A4: ARNITA NABABAN | B4: =MARCOS!G155 -> 3 | C4: ='PERBANDINGAN + AGREGASI'!C37 -> 4 | D4: =B4-C4 -> -1 | E4: =D4^2 -> 1
A5: MORES NABABAN | B5: =MARCOS!G156 -> 6 | C5: ='PERBANDINGAN + AGREGASI'!C38 -> 5 | D5: =B5-C5 -> 1 | E5: =D5^2 -> 1
A6: SARITUA MARPAUNG | B6: =MARCOS!G157 -> 1 | C6: ='PERBANDINGAN + AGREGASI'!C39 -> 1 | D6: =B6-C6 -> 0 | E6: =D6^2 -> 0
A7: ELSA NABABAN | B7: =MARCOS!G158 -> 4 | C7: ='PERBANDINGAN + AGREGASI'!C40 -> 3 | D7: =B7-C7 -> 1 | E7: =D7^2 -> 1
A8: HADI SAPUTRA | B8: =MARCOS!G159 -> 9 | C8: ='PERBANDINGAN + AGREGASI'!C41 -> 9 | D8: =B8-C8 -> 0 | E8: =D8^2 -> 0
A9: IRFAN AGUS | B9: =MARCOS!G160 -> 7 | C9: ='PERBANDINGAN + AGREGASI'!C42 -> 7 | D9: =B9-C9 -> 0 | E9: =D9^2 -> 0
A10: LESTARI SIBAGARIANG | B10: =MARCOS!G161 -> 11 | C10: ='PERBANDINGAN + AGREGASI'!C43 -> 10 | D10: =B10-C10 -> 1 | E10: =D10^2 -> 1
A11: JOSIA NABABAN | B11: =MARCOS!G162 -> 5 | C11: ='PERBANDINGAN + AGREGASI'!C44 -> 6 | D11: =B11-C11 -> -1 | E11: =D11^2 -> 1
A12: IRMA SIANIPAR | B12: =MARCOS!G163 -> 8 | C12: ='PERBANDINGAN + AGREGASI'!C45 -> 8 | D12: =B12-C12 -> 0 | E12: =D12^2 -> 0
A13: LAMTIUR NABABAN | B13: =MARCOS!G164 -> 14 | C13: ='PERBANDINGAN + AGREGASI'!C46 -> 12 | D13: =B13-C13 -> 2 | E13: =D13^2 -> 4
A14: RAHUL NABABAN | B14: =MARCOS!G165 -> 13 | C14: ='PERBANDINGAN + AGREGASI'!C47 -> 11 | D14: =B14-C14 -> 2 | E14: =D14^2 -> 4
A15: HOSIANA NABABAN | B15: =MARCOS!G166 -> 12 | C15: ='PERBANDINGAN + AGREGASI'!C48 -> 15 | D15: =B15-C15 -> -3 | E15: =D15^2 -> 9
... A22: JELMANRO SILITONGA | B22: =MARCOS!G173 -> 19 | C22: ='PERBANDINGAN + AGREGASI'!C55 -> 19 | D22: =B22-C22 -> 0 | E22: =D22^2 -> 0
E23: =SUM(E3:E22) -> 44
A26: STUDI KASUS 1 MENGGUNAKAN BOBOT MEREC
A27: ALTERNATIF | B27: MEREC + MARCOS | C27: MEREC + VIKOR | D27: d | E27: d^2 | F27: P
A28: AMANDA NABABAN | B28: ='PERBANDINGAN + AGREGASI'!B36 -> 2 | C28: =VIKOR!B178 -> 2 | D28: =B28-C28 -> 0 | E28: =D28^2 -> 0 | F28: =(1 - ((6 *E48) / (20 * (20^2 - 1)))) -> 0.99398496
A29: ARNITA NABABAN | B29: ='PERBANDINGAN + AGREGASI'!B37 -> 4 | C29: =VIKOR!B179 -> 5 | D29: =B29-C29 -> -1 | E29: =D29^2 -> 1
A30: MORES NABABAN | B30: ='PERBANDINGAN + AGREGASI'!B38 -> 6 | C30: =VIKOR!B180 -> 6 | D30: =B30-C30 -> 0 | E30: =D30^2 -> 0
A31: SARITUA MARPAUNG | B31: ='PERBANDINGAN + AGREGASI'!B39 -> 1 | C31: =VIKOR!B181 -> 1 | D31: =B31-C31 -> 0 | E31: =D31^2 -> 0
A32: ELSA NABABAN | B32: ='PERBANDINGAN + AGREGASI'!B40 -> 5 | C32: =VIKOR!B182 -> 4 | D32: =B32-C32 -> 1 | E32: =D32^2 -> 1
A33: HADI SAPUTRA | B33: ='PERBANDINGAN + AGREGASI'!B41 -> 9 | C33: =VIKOR!B183 -> 9 | D33: =B33-C33 -> 0 | E33: =D33^2 -> 0
A34: IRFAN AGUS | B34: ='PERBANDINGAN + AGREGASI'!B42 -> 7 | C34: =VIKOR!B184 -> 7 | D34: =B34-C34 -> 0 | E34: =D34^2 -> 0
A35: LESTARI SIBAGARIANG | B35: ='PERBANDINGAN + AGREGASI'!B43 -> 11 | C35: =VIKOR!B185 -> 11 | D35: =B35-C35 -> 0 | E35: =D35^2 -> 0
A36: JOSIA NABABAN | B36: ='PERBANDINGAN + AGREGASI'!B44 -> 3 | C36: =VIKOR!B186 -> 3 | D36: =B36-C36 -> 0 | E36: =D36^2 -> 0
A37: IRMA SIANIPAR | B37: ='PERBANDINGAN + AGREGASI'!B45 -> 8 | C37: =VIKOR!B187 -> 8 | D37: =B37-C37 -> 0 | E37: =D37^2 -> 0
A38: LAMTIUR NABABAN | B38: ='PERBANDINGAN + AGREGASI'!B46 -> 13 | C38: =VIKOR!B188 -> 13 | D38: =B38-C38 -> 0 | E38: =D38^2 -> 0
A39: RAHUL NABABAN | B39: ='PERBANDINGAN + AGREGASI'!B47 -> 12 | C39: =VIKOR!B189 -> 12 | D39: =B39-C39 -> 0 | E39: =D39^2 -> 0
A40: HOSIANA NABABAN | B40: ='PERBANDINGAN + AGREGASI'!B48 -> 14 | C40: =VIKOR!B190 -> 14 | D40: =B40-C40 -> 0 | E40: =D40^2 -> 0
... A47: JELMANRO SILITONGA | B47: ='PERBANDINGAN + AGREGASI'!B55 -> 19 | C47: =VIKOR!B197 -> 17 | D47: =B47-C47 -> 2 | E47: =D47^2 -> 4
E48: =sum(E28:E47) -> 8
A50: Studi Kasus 2: Sensitivity Analysis (FUCOM + VIKOR)
A51: Skenario Bobot C2 | B51: W2 = **** (-20%) | C51: W2 = **** (-10%) | D51: W2 = 0,1266666667 (Baseline) | E51: W2 = **** (+10%) | F51: W2 = **** (+20%)
A52: AMANDA NABABAN
A53: ARNITA NABABAN
A54: MORES NABABAN
A55: SARITUA MARPAUNG
A56: ELSA NABABAN
A57: HADI SAPUTRA
A58: IRFAN AGUS
A59: LESTARI SIBAGARIANG
A60: JOSIA NABABAN
A61: IRMA SIANIPAR
A62: LAMTIUR NABABAN
A63: RAHUL NABABAN
... A71: JELMANRO SILITONGA

Sheet sensitivity analysis
A1: Skenario Bobot W2 | H1: Normalisasi Bobot
A2: KRITERIA | B2: skenario -10% | C2: skenario -5% | D2: baseline | E2: skenario +5% | F2: skenario +10% | H2: KRITERIA | I2: skenario -10% | J2: skenario -5% | K2: baseline | L2: skenario +5% | M2: skenario +10%
A3: C1 | B3: 0.085 | C3: 0.085 | D3: =FUCOM!L89 -> 0.085 | E3: 0.085 | F3: 0.085 | H3: C1 | I3: =B3/$B$13 -> 0.094444444 | J3: =C3/$C$13 -> 0.089473684 | K3: =D3/$D$13 -> 0.085 | L3: =E3/$E$13 -> 0.080952381 | M3: =F3/$F$13 -> 0.077272727
A4: C2 | B4: =D4-10% -> 0.026666667 | C4: =D4-5% -> 0.076666667 | D4: =FUCOM!L90 -> 0.12666667 | E4: =D4+5% -> 0.17666667 | F4: =D4+10% -> 0.22666667 | H4: C2 | I4: =B4/$B$13 -> 0.02962963 | J4: =C4/$C$13 -> 0.080701754 | K4: =D4/$D$13 -> 0.12666667 | L4: =E4/$E$13 -> 0.16825397 | M4: =F4/$F$13 -> 0.20606061
A5: C3 | B5: 0.12333333 | C5: 0.12333333 | D5: =FUCOM!L91 -> 0.12333333 | E5: 0.12333333 | F5: 0.12333333 | H5: C3 | I5: =B5/$B$13 -> 0.13703704 | J5: =C5/$C$13 -> 0.12982456 | K5: =D5/$D$13 -> 0.12333333 | L5: =E5/$E$13 -> 0.11746032 | M5: =F5/$F$13 -> 0.11212121
A6: C4 | B6: 0.085 | C6: 0.085 | D6: =FUCOM!L92 -> 0.085 | E6: 0.085 | F6: 0.085 | H6: C4 | I6: =B6/$B$13 -> 0.094444444 | J6: =C6/$C$13 -> 0.089473684 | K6: =D6/$D$13 -> 0.085 | L6: =E6/$E$13 -> 0.080952381 | M6: =F6/$F$13 -> 0.077272727
A7: C5 | B7: 0.065 | C7: 0.065 | D7: =FUCOM!L93 -> 0.065 | E7: 0.065 | F7: 0.065 | H7: C5 | I7: =B7/$B$13 -> 0.072222222 | J7: =C7/$C$13 -> 0.068421053 | K7: =D7/$D$13 -> 0.065 | L7: =E7/$E$13 -> 0.061904762 | M7: =F7/$F$13 -> 0.059090909
A8: C6 | B8: 0.095 | C8: 0.095 | D8: =FUCOM!L94 -> 0.095 | E8: 0.095 | F8: 0.095 | H8: C6 | I8: =B8/$B$13 -> 0.10555556 | J8: =C8/$C$13 -> 0.1 | K8: =D8/$D$13 -> 0.095 | L8: =E8/$E$13 -> 0.09047619 | M8: =F8/$F$13 -> 0.086363636
A9: C7 | B9: 0.12 | C9: 0.12 | D9: =FUCOM!L95 -> 0.12 | E9: 0.12 | F9: 0.12 | H9: C7 | I9: =B9/$B$13 -> 0.13333333 | J9: =C9/$C$13 -> 0.12631579 | K9: =D9/$D$13 -> 0.12 | L9: =E9/$E$13 -> 0.11428571 | M9: =F9/$F$13 -> 0.10909091
A10: C8 | B10: 0.1 | C10: 0.1 | D10: =FUCOM!L96 -> 0.1 | E10: 0.1 | F10: 0.1 | H10: C8 | I10: =B10/$B$13 -> 0.11111111 | J10: =C10/$C$13 -> 0.10526316 | K10: =D10/$D$13 -> 0.1 | L10: =E10/$E$13 -> 0.095238095 | M10: =F10/$F$13 -> 0.090909091
A11: C9 | B11: 0.115 | C11: 0.115 | D11: =FUCOM!L97 -> 0.115 | E11: 0.115 | F11: 0.115 | H11: C9 | I11: =B11/$B$13 -> 0.12777778 | J11: =C11/$C$13 -> 0.12105263 | K11: =D11/$D$13 -> 0.115 | L11: =E11/$E$13 -> 0.10952381 | M11: =F11/$F$13 -> 0.10454545
A12: C10 | B12: 0.085 | C12: 0.085 | D12: =FUCOM!L98 -> 0.085 | E12: 0.085 | F12: 0.085 | H12: C10 | I12: =B12/$B$13 -> 0.094444444 | J12: =C12/$C$13 -> 0.089473684 | K12: =D12/$D$13 -> 0.085 | L12: =E12/$E$13 -> 0.080952381 | M12: =F12/$F$13 -> 0.077272727
A13: Wj | B13: =SUM(B3:B12) -> 0.9 | C13: =sum(C3:C12) -> 0.95 | D13: =sum(D3:D12) -> 1 | E13: =sum(E3:E12) -> 1.05 | F13: =SUM(F3:F12) -> 1.1 | H13: Wj | I13: =B13/$B$13 -> 1 | J13: =SUM(J3:J12) -> 1 | K13: =D13/$D$13 -> 1 | L13: =E13/$E$13 -> 1 | M13: =F13/$F$13 -> 1
A15: =FUCOM!A26 -> NORMALISASI
A16: =FUCOM!A27 -> ALTERNATIF | B16: C1 | C16: C2 | D16: C3 | E16: C4 | F16: C5 | G16: C6 | H16: C7 | I16: C8 | J16: C9 | K16: C10
A17: =FUCOM!A28 -> AMANDA NABABAN | B17: =FUCOM!B28 -> 1 | C17: =FUCOM!C28 -> 1 | D17: =FUCOM!D28 -> 1 | E17: =FUCOM!E28 -> 0.5 | F17: =FUCOM!F28 -> 1 | G17: =FUCOM!G28 -> 1 | H17: =FUCOM!H28 -> 1 | ... K17: =FUCOM!K28 -> 0.5
A18: =FUCOM!A29 -> ARNITA NABABAN | B18: =FUCOM!B29 -> 1 | C18: =FUCOM!C29 -> 1 | D18: =FUCOM!D29 -> 0.66666667 | E18: =FUCOM!E29 -> 0.5 | F18: =FUCOM!F29 -> 0.5 | G18: =FUCOM!G29 -> 0.5 | H18: =FUCOM!H29 -> 1 | ... K18: =FUCOM!K29 -> 0.5
A19: =FUCOM!A30 -> MORES NABABAN | B19: =FUCOM!B30 -> 0.5 | C19: =FUCOM!C30 -> 1 | D19: =FUCOM!D30 -> 0.66666667 | E19: =FUCOM!E30 -> 1 | F19: =FUCOM!F30 -> 0.5 | G19: =FUCOM!G30 -> 0.5 | H19: =FUCOM!H30 -> 1 | ... K19: =FUCOM!K30 -> 0.5
A20: =FUCOM!A31 -> SARITUA MARPAUNG | B20: =FUCOM!B31 -> 1 | C20: =FUCOM!C31 -> 1 | D20: =FUCOM!D31 -> 1 | E20: =FUCOM!E31 -> 1 | F20: =FUCOM!F31 -> 1 | G20: =FUCOM!G31 -> 1 | H20: =FUCOM!H31 -> 1 | ... K20: =FUCOM!K31 -> 0
A21: =FUCOM!A32 -> ELSA NABABAN | B21: =FUCOM!B32 -> 0.5 | C21: =FUCOM!C32 -> 1 | D21: =FUCOM!D32 -> 0.66666667 | E21: =FUCOM!E32 -> 0.5 | F21: =FUCOM!F32 -> 0.5 | G21: =FUCOM!G32 -> 1 | H21: =FUCOM!H32 -> 1 | ... K21: =FUCOM!K32 -> 0
A22: =FUCOM!A33 -> HADI SAPUTRA | B22: =FUCOM!B33 -> 0.5 | C22: =FUCOM!C33 -> 0.66666667 | D22: =FUCOM!D33 -> 0.66666667 | E22: =FUCOM!E33 -> 1 | F22: =FUCOM!F33 -> 0 | G22: =FUCOM!G33 -> 0.5 | H22: =FUCOM!H33 -> 0.5 | ... K22: =FUCOM!K33 -> 0
A23: =FUCOM!A34 -> IRFAN AGUS | B23: =FUCOM!B34 -> 0.5 | C23: =FUCOM!C34 -> 0.66666667 | D23: =FUCOM!D34 -> 0.66666667 | E23: =FUCOM!E34 -> 1 | F23: =FUCOM!F34 -> 0.5 | G23: =FUCOM!G34 -> 0.5 | H23: =FUCOM!H34 -> 0.5 | ... K23: =FUCOM!K34 -> 0
A24: =FUCOM!A35 -> LESTARI SIBAGARIANG | B24: =FUCOM!B35 -> 0.5 | C24: =FUCOM!C35 -> 0.66666667 | D24: =FUCOM!D35 -> 0.66666667 | E24: =FUCOM!E35 -> 0.5 | F24: =FUCOM!F35 -> 0 | G24: =FUCOM!G35 -> 0.5 | H24: =FUCOM!H35 -> 0.5 | ... K24: =FUCOM!K35 -> 0.5
A25: =FUCOM!A36 -> JOSIA NABABAN | B25: =FUCOM!B36 -> 0.5 | C25: =FUCOM!C36 -> 0.66666667 | D25: =FUCOM!D36 -> 0.66666667 | E25: =FUCOM!E36 -> 0.5 | F25: =FUCOM!F36 -> 1 | G25: =FUCOM!G36 -> 1 | H25: =FUCOM!H36 -> 1 | ... K25: =FUCOM!K36 -> 0
A26: =FUCOM!A37 -> IRMA SIANIPAR | B26: =FUCOM!B37 -> 0.5 | C26: =FUCOM!C37 -> 1 | D26: =FUCOM!D37 -> 0.66666667 | E26: =FUCOM!E37 -> 0.5 | F26: =FUCOM!F37 -> 0 | G26: =FUCOM!G37 -> 0.5 | H26: =FUCOM!H37 -> 0.5 | ... K26: =FUCOM!K37 -> 0
A27: =FUCOM!A38 -> LAMTIUR NABABAN | B27: =FUCOM!B38 -> 0.5 | C27: =FUCOM!C38 -> 0.66666667 | D27: =FUCOM!D38 -> 0.33333333 | E27: =FUCOM!E38 -> 0 | F27: =FUCOM!F38 -> 0.5 | G27: =FUCOM!G38 -> 0.5 | H27: =FUCOM!H38 -> 0.5 | ... K27: =FUCOM!K38 -> 0.5
A28: =FUCOM!A39 -> RAHUL NABABAN | B28: =FUCOM!B39 -> 0.5 | C28: =FUCOM!C39 -> 0.33333333 | D28: =FUCOM!D39 -> 0.66666667 | E28: =FUCOM!E39 -> 0.5 | F28: =FUCOM!F39 -> 0 | G28: =FUCOM!G39 -> 0.5 | H28: =FUCOM!H39 -> 0.5 | ... K28: =FUCOM!K39 -> 0.5
... A36: =FUCOM!A47 -> JELMANRO SILITONGA | B36: =FUCOM!B47 -> 0 | C36: =FUCOM!C47 -> 0.33333333 | D36: =FUCOM!D47 -> 0 | E36: =FUCOM!E47 -> 0 | F36: =FUCOM!F47 -> 0 | G36: =FUCOM!G47 -> 0 | H36: =FUCOM!H47 -> 0 | ... K36: =FUCOM!K47 -> 1
